0.6, 0.02, 1000, 10, 4, 1000, 143
0.12, 0.02, 1000, 10, 4, 1000, 148
0.06, 0.02, 1000, 10, 4, 1000, 150
0.12, 0.02, 1000, 10, 4, 1000, 152
0.12, 0.02, 1000, 10, 4, 1000, 152
0.12, 0.02, 1000, 10, 4, 1000, 149
0.12, 0.02, 1000, 10, 4, 1000, 147
0.12, 0.02, 1000, 10, 4, 1000, 151
0.12, 0.02, 1000, 10, 4, 1000, 151
0.06, 0.02, 1000, 10, 4, 1000, 149
0.12, 0.02, 1000, 10, 4, 1000, 149
0.12, 0.02, 1000, 10, 4, 1000, 153
0.12, 0.02, 1000, 10, 4, 1000, 155
0.12, 0.02, 1000, 10, 4, 1000, 148
0.06, 0.02, 1000, 10, 4, 1000, 147
0.12, 0.02, 1000, 10, 4, 1000, 147
0.12, 0.02, 1000, 10, 4, 1000, 148
0.12, 0.02, 1000, 10, 4, 1000, 151
0.06, 0.02, 1000, 10, 4, 1000, 150
0.12, 0.02, 1000, 10, 4, 1000, 153
0.12, 0.02, 1000, 10, 4, 1000, 153
0.12, 0.02, 1000, 10, 4, 1000, 153
0.12, 0.02, 1000, 10, 4, 1000, 148
0.06, 0.02, 1000, 10, 4, 1000, 147
0.12, 0.02, 1000, 10, 4, 1000, 145
0.12, 0.02, 1000, 10, 4, 1000, 149
0.12, 0.02, 1000, 10, 4, 1000, 150
0.12, 0.02, 1000, 10, 4, 1000, 150
0.12, 0.02, 1000, 10, 4, 1000, 145
0.12, 0.02, 1000, 10, 4, 1000, 145
0.06, 0.02, 1000, 10, 4, 1000, 147
0.12, 0.02, 1000, 10, 4, 1000, 148
0.12, 0.02, 1000, 10, 4, 1000, 153
0.12, 0.02, 1000, 10, 4, 1000, 152
0.12, 0.02, 1000, 10, 4, 1000, 149
0.18, 0.02, 1000, 10, 4, 1000, 147
0.12, 0.02, 1000, 10, 4, 1000, 146
0.12, 0.02, 1000, 10, 4, 1000, 147
0.18, 0.02, 1000, 10, 4, 1000, 147
0.06, 0.02, 1000, 10, 4, 1000, 148
0.12, 0.02, 1000, 10, 4, 1000, 147
0.12, 0.02, 1000, 10, 4, 1000, 145
0.12, 0.02, 1000, 10, 4, 1000, 143
0.12, 0.02, 1000, 10, 4, 1000, 140
0.12, 0.02, 1000, 10, 4, 1000, 136
0.12, 0.02, 1000, 10, 4, 1000, 136
0.12, 0.02, 1000, 10, 4, 1000, 133
0.12, 0.02, 1000, 10, 4, 1000, 133
0.06, 0.02, 1000, 10, 4, 1000, 133
0.12, 0.02, 1000, 10, 4, 1000, 133
0.12, 0.02, 1000, 10, 4, 1000, 133
0.12, 0.02, 1000, 10, 4, 1000, 133
0.12, 0.02, 1000, 10, 4, 1000, 131
0.12, 0.02, 1000, 10, 4, 1000, 130
0.06, 0.02, 1000, 10, 4, 1000, 131
0.12, 0.02, 1000, 10, 4, 1000, 129
0.12, 0.02, 1000, 10, 4, 1000, 129
0.18, 0.02, 1000, 10, 4, 1000, 131
0.12, 0.02, 1000, 10, 4, 1000, 131
0.12, 0.02, 1000, 10, 4, 1000, 128
0.06, 0.02, 1000, 10, 4, 1000, 126
0.12, 0.02, 1000, 10, 4, 1000, 123
0.12, 0.02, 1000, 10, 4, 1000, 126
0.12, 0.02, 1000, 10, 4, 1000, 121
0.12, 0.02, 1000, 10, 4, 1000, 122
0.12, 0.02, 1000, 10, 4, 1000, 122
0.06, 0.02, 1000, 10, 4, 1000, 121
0.12, 0.02, 1000, 10, 4, 1000, 123
0.12, 0.02, 1000, 10, 4, 1000, 125
0.12, 0.02, 1000, 10, 4, 1000, 124
0.12, 0.02, 1000, 10, 4, 1000, 126
0.06, 0.02, 1000, 10, 4, 1000, 127
0.12, 0.02, 1000, 10, 4, 1000, 124
0.12, 0.02, 1000, 10, 4, 1000, 125
0.12, 0.02, 1000, 10, 4, 1000, 125
0.06, 0.02, 1000, 10, 4, 1000, 125
0.12, 0.02, 1000, 10, 4, 1000, 123
0.12, 0.02, 1000, 10, 4, 1000, 124
0.12, 0.02, 1000, 10, 4, 1000, 125
0.06, 0.02, 1000, 10, 4, 1000, 125
0.12, 0.02, 1000, 10, 4, 1000, 125
0.12, 0.02, 1000, 10, 4, 1000, 122
0.12, 0.02, 1000, 10, 4, 1000, 124
0.12, 0.02, 1000, 10, 4, 1000, 125
0.24, 0.02, 1000, 10, 4, 1000, 128
0.06, 0.02, 1000, 10, 4, 1000, 128
0.12, 0.02, 1000, 10, 4, 1000, 130
0.06, 0.02, 1000, 10, 4, 1000, 131
0.12, 0.02, 1000, 10, 4, 1000, 130
0.12, 0.02, 1000, 10, 4, 1000, 129
0.06, 0.02, 1000, 10, 4, 1000, 126
0.12, 0.02, 1000, 10, 4, 1000, 122
0.12, 0.02, 1000, 10, 4, 1000, 123
0.12, 0.02, 1000, 10, 4, 1000, 123
0.06, 0.02, 1000, 10, 4, 1000, 124
0.12, 0.02, 1000, 10, 4, 1000, 125
0.12, 0.02, 1000, 10, 4, 1000, 125
0.12, 0.02, 1000, 10, 4, 1000, 124
0.06, 0.02, 1000, 10, 4, 1000, 127
0.12, 0.02, 1000, 10, 4, 1000, 124
0.12, 0.02, 1000, 10, 4, 1000, 126
0.06, 0.02, 1000, 10, 4, 1000, 129
0.12, 0.02, 1000, 10, 4, 1000, 129
0.12, 0.02, 1000, 10, 4, 1000, 127
0.06, 0.02, 1000, 10, 4, 1000, 126
0.12, 0.02, 1000, 10, 4, 1000, 126
0.12, 0.02, 1000, 10, 4, 1000, 133
0.12, 0.02, 1000, 10, 4, 1000, 130
0.06, 0.02, 1000, 10, 4, 1000, 132
0.12, 0.02, 1000, 10, 4, 1000, 133
0.12, 0.02, 1000, 10, 4, 1000, 134
0.12, 0.02, 1000, 10, 4, 1000, 133
0.12, 0.02, 1000, 10, 4, 1000, 132
0.06, 0.02, 1000, 10, 4, 1000, 135
0.12, 0.02, 1000, 10, 4, 1000, 135
0.12, 0.02, 1000, 10, 4, 1000, 137
0.18, 0.02, 1000, 10, 4, 1000, 137
0.06, 0.02, 1000, 10, 4, 1000, 139
0.18, 0.02, 1000, 10, 4, 1000, 140
0.06, 0.02, 1000, 10, 4, 1000, 145
0.18, 0.02, 1000, 10, 4, 1000, 147
0.06, 0.02, 1000, 10, 4, 1000, 153
0.12, 0.02, 1000, 10, 4, 1000, 152
0.12, 0.02, 1000, 10, 4, 1000, 155
0.06, 0.02, 1000, 10, 4, 1000, 155
0.12, 0.02, 1000, 10, 4, 1000, 155
0.06, 0.02, 1000, 10, 4, 1000, 154
0.12, 0.02, 1000, 10, 4, 1000, 152
0.12, 0.02, 1000, 10, 4, 1000, 148
0.06, 0.02, 1000, 10, 4, 1000, 144
0.12, 0.02, 1000, 10, 4, 1000, 142
0.12, 0.02, 1000, 10, 4, 1000, 142
0.06, 0.02, 1000, 10, 4, 1000, 142
0.12, 0.02, 1000, 10, 4, 1000, 142
0.18, 0.02, 1000, 10, 4, 1000, 142
0.06, 0.02, 1000, 10, 4, 1000, 143
0.12, 0.02, 1000, 10, 4, 1000, 142
0.12, 0.02, 1000, 10, 4, 1000, 137
0.12, 0.02, 1000, 10, 4, 1000, 131
0.12, 0.02, 1000, 10, 4, 1000, 133
0.12, 0.02, 1000, 10, 4, 1000, 132
0.06, 0.02, 1000, 10, 4, 1000, 133
0.12, 0.02, 1000, 10, 4, 1000, 135
0.12, 0.02, 1000, 10, 4, 1000, 135
0.12, 0.02, 1000, 10, 4, 1000, 128
0.12, 0.02, 1000, 10, 4, 1000, 129
0.12, 0.02, 1000, 10, 4, 1000, 133
0.06, 0.02, 1000, 10, 4, 1000, 138
0.12, 0.02, 1000, 10, 4, 1000, 138
0.12, 0.02, 1000, 10, 4, 1000, 136
0.12, 0.02, 1000, 10, 4, 1000, 136
0.06, 0.02, 1000, 10, 4, 1000, 142
0.12, 0.02, 1000, 10, 4, 1000, 140
0.12, 0.02, 1000, 10, 4, 1000, 145
0.12, 0.02, 1000, 10, 4, 1000, 145
0.12, 0.02, 1000, 10, 4, 1000, 145
0.06, 0.02, 1000, 10, 4, 1000, 142
0.12, 0.02, 1000, 10, 4, 1000, 143
0.12, 0.02, 1000, 10, 4, 1000, 148
0.06, 0.02, 1000, 10, 4, 1000, 145
0.12, 0.02, 1000, 10, 4, 1000, 143
0.12, 0.02, 1000, 10, 4, 1000, 142
0.12, 0.02, 1000, 10, 4, 1000, 148
0.12, 0.02, 1000, 10, 4, 1000, 149
0.06, 0.02, 1000, 10, 4, 1000, 148
0.12, 0.02, 1000, 10, 4, 1000, 147
0.12, 0.02, 1000, 10, 4, 1000, 148
0.06, 0.02, 1000, 10, 4, 1000, 147
0.12, 0.02, 1000, 10, 4, 1000, 151
0.12, 0.02, 1000, 10, 4, 1000, 147
0.06, 0.02, 1000, 10, 4, 1000, 146
0.12, 0.02, 1000, 10, 4, 1000, 143
0.12, 0.02, 1000, 10, 4, 1000, 141
0.12, 0.02, 1000, 10, 4, 1000, 142
0.06, 0.02, 1000, 10, 4, 1000, 142
0.12, 0.02, 1000, 10, 4, 1000, 142
0.06, 0.02, 1000, 10, 4, 1000, 137
0.12, 0.02, 1000, 10, 4, 1000, 141
0.12, 0.02, 1000, 10, 4, 1000, 144
0.12, 0.02, 1000, 10, 4, 1000, 138
0.06, 0.02, 1000, 10, 4, 1000, 138
0.12, 0.02, 1000, 10, 4, 1000, 141
0.12, 0.02, 1000, 10, 4, 1000, 142
0.12, 0.02, 1000, 10, 4, 1000, 141
0.06, 0.02, 1000, 10, 4, 1000, 141
0.12, 0.02, 1000, 10, 4, 1000, 141
0.12, 0.02, 1000, 10, 4, 1000, 144
0.12, 0.02, 1000, 10, 4, 1000, 140
0.06, 0.02, 1000, 10, 4, 1000, 140
0.12, 0.02, 1000, 10, 4, 1000, 138
0.12, 0.02, 1000, 10, 4, 1000, 137
0.12, 0.02, 1000, 10, 4, 1000, 140
0.12, 0.02, 1000, 10, 4, 1000, 137
0.12, 0.02, 1000, 10, 4, 1000, 135
0.06, 0.02, 1000, 10, 4, 1000, 133
0.12, 0.02, 1000, 10, 4, 1000, 131
0.12, 0.02, 1000, 10, 4, 1000, 132
0.12, 0.02, 1000, 10, 4, 1000, 134
0.12, 0.02, 1000, 10, 4, 1000, 138
0.12, 0.02, 1000, 10, 4, 1000, 136
0.06, 0.02, 1000, 10, 4, 1000, 140
0.12, 0.02, 1000, 10, 4, 1000, 140
0.12, 0.02, 1000, 10, 4, 1000, 140
0.12, 0.02, 1000, 10, 4, 1000, 138
0.06, 0.02, 1000, 10, 4, 1000, 139
0.12, 0.02, 1000, 10, 4, 1000, 141
0.12, 0.02, 1000, 10, 4, 1000, 143
0.12, 0.02, 1000, 10, 4, 1000, 144
0.06, 0.02, 1000, 10, 4, 1000, 142
0.12, 0.02, 1000, 10, 4, 1000, 142
0.12, 0.02, 1000, 10, 4, 1000, 145
0.12, 0.02, 1000, 10, 4, 1000, 150
0.12, 0.02, 1000, 10, 4, 1000, 148
0.12, 0.02, 1000, 10, 4, 1000, 143
0.06, 0.02, 1000, 10, 4, 1000, 141
0.12, 0.02, 1000, 10, 4, 1000, 138
0.12, 0.02, 1000, 10, 4, 1000, 137
0.06, 0.02, 1000, 10, 4, 1000, 137
0.12, 0.02, 1000, 10, 4, 1000, 137
0.12, 0.02, 1000, 10, 4, 1000, 133
0.18, 0.02, 1000, 10, 4, 1000, 129
0.06, 0.02, 1000, 10, 4, 1000, 121
0.12, 0.02, 1000, 10, 4, 1000, 121
0.06, 0.02, 1000, 10, 4, 1000, 123
0.12, 0.02, 1000, 10, 4, 1000, 123
0.18, 0.02, 1000, 10, 4, 1000, 122
0.06, 0.02, 1000, 10, 4, 1000, 120
0.18, 0.02, 1000, 10, 4, 1000, 123
0.06, 0.02, 1000, 10, 4, 1000, 120
0.12, 0.02, 1000, 10, 4, 1000, 122
0.06, 0.02, 1000, 10, 4, 1000, 121
0.12, 0.02, 1000, 10, 4, 1000, 122
0.06, 0.02, 1000, 10, 4, 1000, 121
0.12, 0.02, 1000, 10, 4, 1000, 120
0.12, 0.02, 1000, 10, 4, 1000, 119
0.06, 0.02, 1000, 10, 4, 1000, 120
0.12, 0.02, 1000, 10, 4, 1000, 120
0.12, 0.02, 1000, 10, 4, 1000, 121
0.06, 0.02, 1000, 10, 4, 1000, 118
0.12, 0.02, 1000, 10, 4, 1000, 119
0.12, 0.02, 1000, 10, 4, 1000, 121
0.12, 0.02, 1000, 10, 4, 1000, 115
0.06, 0.02, 1000, 10, 4, 1000, 117
0.12, 0.02, 1000, 10, 4, 1000, 117
0.12, 0.02, 1000, 10, 4, 1000, 118
0.12, 0.02, 1000, 10, 4, 1000, 122
0.12, 0.02, 1000, 10, 4, 1000, 125
0.06, 0.02, 1000, 10, 4, 1000, 125
0.12, 0.02, 1000, 10, 4, 1000, 122
0.12, 0.02, 1000, 10, 4, 1000, 124
0.12, 0.02, 1000, 10, 4, 1000, 124
0.12, 0.02, 1000, 10, 4, 1000, 122
0.12, 0.02, 1000, 10, 4, 1000, 118
0.12, 0.02, 1000, 10, 4, 1000, 120
0.06, 0.02, 1000, 10, 4, 1000, 122
0.12, 0.02, 1000, 10, 4, 1000, 121
0.12, 0.02, 1000, 10, 4, 1000, 117
0.12, 0.02, 1000, 10, 4, 1000, 121
0.12, 0.02, 1000, 10, 4, 1000, 123
0.12, 0.02, 1000, 10, 4, 1000, 124
0.12, 0.02, 1000, 10, 4, 1000, 125
0.12, 0.02, 1000, 10, 4, 1000, 124
0.06, 0.02, 1000, 10, 4, 1000, 123
0.12, 0.02, 1000, 10, 4, 1000, 124
0.12, 0.02, 1000, 10, 4, 1000, 122
0.12, 0.02, 1000, 10, 4, 1000, 125
0.12, 0.02, 1000, 10, 4, 1000, 127
0.12, 0.02, 1000, 10, 4, 1000, 124
0.06, 0.02, 1000, 10, 4, 1000, 124
0.12, 0.02, 1000, 10, 4, 1000, 122
0.12, 0.02, 1000, 10, 4, 1000, 121
0.12, 0.02, 1000, 10, 4, 1000, 121
0.06, 0.02, 1000, 10, 4, 1000, 125
0.12, 0.02, 1000, 10, 4, 1000, 126
0.12, 0.02, 1000, 10, 4, 1000, 127
0.12, 0.02, 1000, 10, 4, 1000, 126
0.12, 0.02, 1000, 10, 4, 1000, 124
0.06, 0.02, 1000, 10, 4, 1000, 120
0.12, 0.02, 1000, 10, 4, 1000, 119
0.12, 0.02, 1000, 10, 4, 1000, 120
0.12, 0.02, 1000, 10, 4, 1000, 122
0.12, 0.02, 1000, 10, 4, 1000, 118
0.12, 0.02, 1000, 10, 4, 1000, 120
0.12, 0.02, 1000, 10, 4, 1000, 121
0.06, 0.02, 1000, 10, 4, 1000, 121
0.12, 0.02, 1000, 10, 4, 1000, 122
0.12, 0.02, 1000, 10, 4, 1000, 124
0.06, 0.02, 1000, 10, 4, 1000, 122
0.12, 0.02, 1000, 10, 4, 1000, 124
0.12, 0.02, 1000, 10, 4, 1000, 121
0.06, 0.02, 1000, 10, 4, 1000, 122
0.12, 0.02, 1000, 10, 4, 1000, 123
0.12, 0.02, 1000, 10, 4, 1000, 126
0.06, 0.02, 1000, 10, 4, 1000, 125
0.12, 0.02, 1000, 10, 4, 1000, 126
0.12, 0.02, 1000, 10, 4, 1000, 124
0.06, 0.02, 1000, 10, 4, 1000, 121
0.12, 0.02, 1000, 10, 4, 1000, 126
0.12, 0.02, 1000, 10, 4, 1000, 130
0.12, 0.02, 1000, 10, 4, 1000, 135
0.12, 0.02, 1000, 10, 4, 1000, 134
0.06, 0.02, 1000, 10, 4, 1000, 133
0.12, 0.02, 1000, 10, 4, 1000, 133
0.12, 0.02, 1000, 10, 4, 1000, 132
0.06, 0.02, 1000, 10, 4, 1000, 132
0.12, 0.02, 1000, 10, 4, 1000, 131
0.12, 0.02, 1000, 10, 4, 1000, 128
0.06, 0.02, 1000, 10, 4, 1000, 129
0.12, 0.02, 1000, 10, 4, 1000, 128
0.12, 0.02, 1000, 10, 4, 1000, 127
0.12, 0.02, 1000, 10, 4, 1000, 128
0.06, 0.02, 1000, 10, 4, 1000, 127
0.12, 0.02, 1000, 10, 4, 1000, 127
0.12, 0.02, 1000, 10, 4, 1000, 127
0.12, 0.02, 1000, 10, 4, 1000, 126
0.06, 0.02, 1000, 10, 4, 1000, 129
0.12, 0.02, 1000, 10, 4, 1000, 133
0.12, 0.02, 1000, 10, 4, 1000, 136
0.06, 0.02, 1000, 10, 4, 1000, 137
0.12, 0.02, 1000, 10, 4, 1000, 142
0.12, 0.02, 1000, 10, 4, 1000, 143
0.12, 0.02, 1000, 10, 4, 1000, 141
0.12, 0.02, 1000, 10, 4, 1000, 141
0.12, 0.02, 1000, 10, 4, 1000, 144
0.06, 0.02, 1000, 10, 4, 1000, 144
0.12, 0.02, 1000, 10, 4, 1000, 141
0.12, 0.02, 1000, 10, 4, 1000, 140
0.12, 0.02, 1000, 10, 4, 1000, 140
0.12, 0.02, 1000, 10, 4, 1000, 138
0.12, 0.02, 1000, 10, 4, 1000, 139
0.12, 0.02, 1000, 10, 4, 1000, 146
0.06, 0.02, 1000, 10, 4, 1000, 142
0.12, 0.02, 1000, 10, 4, 1000, 145
0.12, 0.02, 1000, 10, 4, 1000, 149
0.12, 0.02, 1000, 10, 4, 1000, 153
0.12, 0.02, 1000, 10, 4, 1000, 160
0.06, 0.02, 1000, 10, 4, 1000, 162
0.12, 0.02, 1000, 10, 4, 1000, 162
0.12, 0.02, 1000, 10, 4, 1000, 157
0.12, 0.02, 1000, 10, 4, 1000, 154
0.12, 0.02, 1000, 10, 4, 1000, 153
0.12, 0.02, 1000, 10, 4, 1000, 147
0.06, 0.02, 1000, 10, 4, 1000, 141
0.12, 0.02, 1000, 10, 4, 1000, 141
0.12, 0.02, 1000, 10, 4, 1000, 146
0.12, 0.02, 1000, 10, 4, 1000, 147
0.12, 0.02, 1000, 10, 4, 1000, 145
0.06, 0.02, 1000, 10, 4, 1000, 144
0.12, 0.02, 1000, 10, 4, 1000, 145
0.12, 0.02, 1000, 10, 4, 1000, 148
0.12, 0.02, 1000, 10, 4, 1000, 145
0.12, 0.02, 1000, 10, 4, 1000, 144
0.12, 0.02, 1000, 10, 4, 1000, 143
0.06, 0.02, 1000, 10, 4, 1000, 138
0.12, 0.02, 1000, 10, 4, 1000, 137
0.12, 0.02, 1000, 10, 4, 1000, 138
0.12, 0.02, 1000, 10, 4, 1000, 137
0.12, 0.02, 1000, 10, 4, 1000, 134
0.12, 0.02, 1000, 10, 4, 1000, 131
0.06, 0.02, 1000, 10, 4, 1000, 128
0.12, 0.02, 1000, 10, 4, 1000, 128
0.12, 0.02, 1000, 10, 4, 1000, 129
0.12, 0.02, 1000, 10, 4, 1000, 131
0.12, 0.02, 1000, 10, 4, 1000, 130
0.12, 0.02, 1000, 10, 4, 1000, 128
0.12, 0.02, 1000, 10, 4, 1000, 128
0.12, 0.02, 1000, 10, 4, 1000, 130
0.06, 0.02, 1000, 10, 4, 1000, 130
0.12, 0.02, 1000, 10, 4, 1000, 127
0.12, 0.02, 1000, 10, 4, 1000, 131
0.12, 0.02, 1000, 10, 4, 1000, 132
0.06, 0.02, 1000, 10, 4, 1000, 134
0.12, 0.02, 1000, 10, 4, 1000, 133
0.12, 0.02, 1000, 10, 4, 1000, 128
0.12, 0.02, 1000, 10, 4, 1000, 128
0.12, 0.02, 1000, 10, 4, 1000, 130
0.06, 0.02, 1000, 10, 4, 1000, 131
0.12, 0.02, 1000, 10, 4, 1000, 130
0.12, 0.02, 1000, 10, 4, 1000, 130
0.24, 0.02, 1000, 10, 4, 1000, 128
0.06, 0.02, 1000, 10, 4, 1000, 130
0.12, 0.02, 1000, 10, 4, 1000, 130
0.06, 0.02, 1000, 10, 4, 1000, 129
0.12, 0.02, 1000, 10, 4, 1000, 132
0.12, 0.02, 1000, 10, 4, 1000, 131
0.12, 0.02, 1000, 10, 4, 1000, 128
0.06, 0.02, 1000, 10, 4, 1000, 129
0.12, 0.02, 1000, 10, 4, 1000, 128
0.12, 0.02, 1000, 10, 4, 1000, 131
0.06, 0.02, 1000, 10, 4, 1000, 134
0.12, 0.02, 1000, 10, 4, 1000, 136
0.12, 0.02, 1000, 10, 4, 1000, 137
0.06, 0.02, 1000, 10, 4, 1000, 138
0.12, 0.02, 1000, 10, 4, 1000, 136
0.12, 0.02, 1000, 10, 4, 1000, 134
0.06, 0.02, 1000, 10, 4, 1000, 131
0.12, 0.02, 1000, 10, 4, 1000, 130
0.12, 0.02, 1000, 10, 4, 1000, 128
0.12, 0.02, 1000, 10, 4, 1000, 124
0.06, 0.02, 1000, 10, 4, 1000, 125
0.12, 0.02, 1000, 10, 4, 1000, 125
0.12, 0.02, 1000, 10, 4, 1000, 127
0.06, 0.02, 1000, 10, 4, 1000, 128
0.12, 0.02, 1000, 10, 4, 1000, 131
0.12, 0.02, 1000, 10, 4, 1000, 133
0.12, 0.02, 1000, 10, 4, 1000, 133
0.12, 0.02, 1000, 10, 4, 1000, 136
0.06, 0.02, 1000, 10, 4, 1000, 142
0.9, 0.02, 1000, 10, 4, 1000, 141
0.84, 0.02, 1000, 10, 4, 1000, 130
0.18, 0.02, 1000, 10, 4, 1000, 138
0.06, 0.02, 1000, 10, 4, 1000, 132
0.12, 0.02, 1000, 10, 4, 1000, 136
0.06, 0.02, 1000, 10, 4, 1000, 131
0.12, 0.02, 1000, 10, 4, 1000, 130
0.12, 0.02, 1000, 10, 4, 1000, 133
0.12, 0.02, 1000, 10, 4, 1000, 130
0.06, 0.02, 1000, 10, 4, 1000, 129
0.12, 0.02, 1000, 10, 4, 1000, 128
0.12, 0.02, 1000, 10, 4, 1000, 127
0.12, 0.02, 1000, 10, 4, 1000, 124
0.12, 0.02, 1002, 10, 4, 1000, 125
0.12, 0.02, 1004, 10, 4, 1002, 128
0.06, 0.02, 1006, 10, 4, 1004, 125
0.12, 0.02, 1007, 10, 4, 1006, 127
0.12, 0.02, 1009, 10, 4, 1007, 126
0.12, 0.02, 1011, 10, 4, 1009, 122
0.12, 0.02, 1013, 10, 4, 1011, 123
0.12, 0.02, 1015, 10, 4, 1013, 125
0.24, 0.02, 1017, 10, 4, 1015, 124
0.06, 0.02, 1020, 10, 4, 1017, 119
0.18, 0.02, 1021, 10, 4, 1020, 123
0.06, 0.02, 1023, 10, 4, 1021, 128
0.12, 0.02, 1024, 10, 4, 1023, 129
0.06, 0.02, 1026, 10, 4, 1024, 129
0.12, 0.02, 1027, 10, 4, 1026, 131
0.12, 0.02, 1029, 10, 4, 1027, 131
0.18, 0.02, 1031, 10, 4, 1029, 130
0.06, 0.02, 1033, 10, 4, 1031, 130
0.12, 0.02, 1034, 10, 4, 1033, 129
0.06, 0.02, 1036, 10, 4, 1034, 130
0.12, 0.02, 1037, 10, 4, 1036, 131
0.12, 0.02, 1039, 10, 4, 1037, 135
0.12, 0.02, 1041, 10, 4, 1039, 142
0.12, 0.02, 1043, 10, 4, 1041, 141
0.06, 0.02, 1045, 10, 4, 1043, 138
0.12, 0.02, 1046, 10, 4, 1045, 142
0.12, 0.02, 1048, 10, 4, 1046, 138
0.12, 0.02, 1050, 10, 4, 1048, 141
0.12, 0.02, 1052, 10, 4, 1050, 140
0.12, 0.02, 1054, 10, 4, 1052, 140
0.12, 0.02, 1056, 10, 4, 1054, 141
0.18, 0.02, 1058, 10, 4, 1056, 136
0.06, 0.02, 1060, 10, 4, 1058, 136
0.12, 0.02, 1061, 10, 4, 1060, 137
0.18, 0.02, 1063, 10, 4, 1061, 139
0.06, 0.02, 1065, 10, 4, 1063, 137
0.12, 0.02, 1066, 10, 4, 1065, 136
0.06, 0.02, 1068, 10, 4, 1066, 138
0.12, 0.02, 1069, 10, 4, 1068, 140
0.18, 0.02, 1071, 10, 4, 1069, 136
0.12, 0.02, 1073, 10, 4, 1071, 143
0.12, 0.02, 1075, 10, 4, 1073, 143
0.12, 0.02, 1077, 10, 4, 1075, 146
0.12, 0.02, 1079, 10, 4, 1077, 145
0.12, 0.02, 1081, 10, 4, 1079, 147
0.06, 0.02, 1083, 10, 4, 1081, 147
0.12, 0.02, 1084, 10, 4, 1083, 147
0.18, 0.02, 1086, 10, 4, 1084, 151
0.12, 0.02, 1088, 10, 4, 1086, 157
0.12, 0.02, 1090, 10, 4, 1088, 154
0.12, 0.02, 1092, 10, 4, 1090, 161
0.12, 0.02, 1094, 10, 4, 1092, 156
0.12, 0.02, 1096, 10, 4, 1094, 156
0.12, 0.02, 1098, 10, 4, 1096, 161
0.12, 0.02, 1100, 10, 4, 1098, 165
0.12, 0.02, 1102, 10, 4, 1100, 164
0.12, 0.02, 1104, 10, 4, 1102, 164
0.12, 0.02, 1106, 10, 4, 1104, 167
0.12, 0.02, 1108, 10, 4, 1106, 165
0.12, 0.02, 1110, 10, 4, 1108, 160
0.12, 0.02, 1112, 10, 4, 1110, 157
0.06, 0.02, 1114, 10, 4, 1112, 154
0.12, 0.02, 1115, 10, 4, 1114, 157
0.12, 0.02, 1117, 10, 4, 1115, 157
0.12, 0.02, 1119, 10, 4, 1117, 161
0.12, 0.02, 1121, 10, 4, 1119, 161
0.12, 0.02, 1123, 10, 4, 1121, 164
0.12, 0.02, 1125, 10, 4, 1123, 167
0.18, 0.02, 1127, 10, 4, 1125, 165
0.06, 0.02, 1130, 10, 4, 1127, 166
0.12, 0.02, 1131, 10, 4, 1130, 165
0.18, 0.02, 1133, 10, 4, 1131, 171
0.06, 0.02, 1136, 10, 4, 1133, 167
0.12, 0.02, 1137, 10, 4, 1136, 170
0.12, 0.02, 1139, 10, 4, 1137, 162
0.18, 0.02, 1141, 10, 4, 1139, 161
0.06, 0.02, 1141, 10, 4, 1141, 158
0.12, 0.02, 1141, 10, 4, 1141, 156
0.12, 0.02, 1141, 10, 4, 1141, 154
0.12, 0.02, 1141, 10, 4, 1141, 154
0.06, 0.02, 1141, 10, 4, 1141, 158
0.12, 0.02, 1141, 10, 4, 1141, 157
0.12, 0.02, 1141, 10, 4, 1141, 158
0.12, 0.02, 1141, 10, 4, 1141, 157
0.12, 0.02, 1141, 10, 4, 1141, 151
0.12, 0.02, 1141, 10, 4, 1141, 148
0.12, 0.02, 1141, 10, 4, 1141, 146
0.12, 0.02, 1141, 10, 4, 1141, 147
0.12, 0.02, 1141, 10, 4, 1141, 150
0.12, 0.02, 1141, 10, 4, 1141, 146
0.06, 0.02, 1141, 10, 4, 1141, 146
0.12, 0.02, 1141, 10, 4, 1141, 147
0.12, 0.02, 1141, 10, 4, 1141, 144
0.12, 0.02, 1141, 10, 4, 1141, 144
0.12, 0.02, 1141, 10, 4, 1141, 149
0.12, 0.02, 1141, 10, 4, 1141, 150
0.12, 0.02, 1141, 10, 4, 1141, 148
0.12, 0.02, 1141, 10, 4, 1141, 152
0.12, 0.02, 1141, 10, 4, 1141, 154
0.12, 0.02, 1141, 10, 4, 1141, 155
0.06, 0.02, 1141, 10, 4, 1141, 159
0.12, 0.02, 1141, 10, 4, 1141, 160
0.12, 0.02, 1141, 10, 4, 1141, 159
0.12, 0.02, 1141, 10, 4, 1141, 164
0.12, 0.02, 1141, 10, 4, 1141, 163
0.12, 0.02, 1141, 10, 4, 1141, 163
0.06, 0.02, 1141, 10, 4, 1141, 159
0.12, 0.02, 1141, 10, 4, 1141, 160
0.12, 0.02, 1141, 10, 4, 1141, 158
0.12, 0.02, 1141, 10, 4, 1141, 157
0.12, 0.02, 1141, 10, 4, 1141, 160
0.12, 0.02, 1141, 10, 4, 1141, 159
0.12, 0.02, 1141, 10, 4, 1141, 155
0.12, 0.02, 1141, 10, 4, 1141, 157
0.06, 0.02, 1141, 10, 4, 1141, 158
0.12, 0.02, 1141, 10, 4, 1141, 153
0.12, 0.02, 1141, 10, 4, 1141, 150
0.12, 0.02, 1141, 10, 4, 1141, 156
0.12, 0.02, 1141, 10, 4, 1141, 154
0.12, 0.02, 1141, 10, 4, 1141, 154
0.12, 0.02, 1141, 10, 4, 1141, 155
0.06, 0.02, 1141, 10, 4, 1141, 155
0.12, 0.02, 1141, 10, 4, 1141, 158
0.12, 0.02, 1141, 10, 4, 1141, 161
0.12, 0.02, 1141, 10, 4, 1141, 156
0.12, 0.02, 1141, 10, 4, 1141, 157
0.12, 0.02, 1141, 10, 4, 1141, 159
0.06, 0.02, 1141, 10, 4, 1141, 163
0.12, 0.02, 1141, 10, 4, 1141, 163
0.12, 0.02, 1141, 10, 4, 1141, 165
0.12, 0.02, 1141, 10, 4, 1141, 166
0.12, 0.02, 1141, 10, 4, 1141, 165
0.12, 0.02, 1141, 10, 4, 1141, 165
0.12, 0.02, 1141, 10, 4, 1141, 166
0.12, 0.02, 1141, 10, 4, 1141, 163
0.12, 0.02, 1141, 10, 4, 1141, 162
0.12, 0.02, 1141, 10, 4, 1141, 166
0.12, 0.02, 1141, 10, 4, 1141, 167
0.12, 0.02, 1141, 10, 4, 1141, 170
0.12, 0.02, 1141, 10, 4, 1141, 166
0.12, 0.02, 1141, 10, 4, 1141, 164
0.06, 0.02, 1141, 10, 4, 1141, 164
0.12, 0.02, 1141, 10, 4, 1141, 165
0.12, 0.02, 1141, 10, 4, 1141, 168
0.12, 0.02, 1141, 10, 4, 1141, 163
0.18, 0.02, 1141, 10, 4, 1141, 161
0.12, 0.02, 1141, 10, 4, 1141, 156
0.18, 0.02, 1141, 10, 4, 1141, 158
0.12, 0.02, 1141, 10, 4, 1141, 159
0.06, 0.02, 1141, 10, 4, 1141, 156
0.12, 0.02, 1141, 10, 4, 1141, 158
0.12, 0.02, 1141, 10, 4, 1141, 156
0.12, 0.02, 1141, 10, 4, 1141, 158
0.12, 0.02, 1141, 10, 4, 1141, 164
0.12, 0.02, 1141, 10, 4, 1141, 167
0.12, 0.02, 1141, 10, 4, 1141, 171
0.12, 0.02, 1141, 10, 4, 1141, 173
0.12, 0.02, 1141, 10, 4, 1141, 171
0.12, 0.02, 1141, 10, 4, 1141, 172
0.12, 0.02, 1141, 10, 4, 1141, 170
0.18, 0.02, 1141, 10, 4, 1141, 179
0.12, 0.02, 1141, 10, 4, 1141, 173
0.12, 0.02, 1141, 10, 4, 1141, 172
0.18, 0.02, 1141, 10, 4, 1141, 167
0.12, 0.02, 1141, 10, 4, 1141, 164
0.12, 0.02, 1141, 10, 4, 1141, 163
0.12, 0.02, 1141, 10, 4, 1141, 155
0.12, 0.02, 1141, 10, 4, 1141, 154
0.06, 0.02, 1141, 10, 4, 1141, 157
0.18, 0.02, 1141, 10, 4, 1141, 157
0.12, 0.02, 1141, 10, 4, 1141, 158
0.12, 0.02, 1141, 10, 4, 1141, 158
0.12, 0.02, 1141, 10, 4, 1141, 162
0.12, 0.02, 1141, 10, 4, 1141, 163
0.12, 0.02, 1141, 10, 4, 1141, 162
0.12, 0.02, 1141, 10, 4, 1141, 165
0.12, 0.02, 1141, 10, 4, 1141, 162
0.12, 0.02, 1141, 10, 4, 1141, 162
0.12, 0.02, 1141, 10, 4, 1141, 159
0.12, 0.02, 1141, 10, 4, 1141, 157
0.12, 0.02, 1141, 10, 4, 1141, 154
0.12, 0.02, 1141, 10, 4, 1141, 157
0.12, 0.02, 1141, 10, 4, 1141, 154
0.12, 0.02, 1141, 10, 4, 1141, 152
0.12, 0.02, 1141, 10, 4, 1141, 151
0.12, 0.02, 1141, 10, 4, 1141, 154
0.12, 0.02, 1141, 10, 4, 1141, 151
0.12, 0.02, 1141, 10, 4, 1141, 153
0.12, 0.02, 1141, 10, 4, 1141, 157
0.12, 0.02, 1141, 10, 4, 1141, 158
0.12, 0.02, 1141, 10, 4, 1141, 163
0.12, 0.02, 1141, 10, 4, 1141, 162
0.12, 0.02, 1141, 10, 4, 1141, 163
0.12, 0.02, 1141, 10, 4, 1141, 164
0.12, 0.02, 1141, 10, 4, 1141, 162
0.12, 0.02, 1141, 10, 4, 1141, 159
0.12, 0.02, 1141, 10, 4, 1141, 160
0.12, 0.02, 1141, 10, 4, 1141, 159
0.12, 0.02, 1141, 10, 4, 1141, 157
0.12, 0.02, 1141, 10, 4, 1141, 159
0.12, 0.02, 1141, 10, 4, 1141, 159
0.06, 0.02, 1141, 10, 4, 1141, 161
0.12, 0.02, 1141, 10, 4, 1141, 161
0.12, 0.02, 1141, 10, 4, 1141, 161
0.12, 0.02, 1141, 10, 4, 1141, 161
0.12, 0.02, 1141, 10, 4, 1141, 159
0.12, 0.02, 1141, 10, 4, 1141, 168
0.12, 0.02, 1141, 10, 4, 1141, 167
0.12, 0.02, 1141, 10, 4, 1141, 167
0.12, 0.02, 1141, 10, 4, 1141, 169
0.12, 0.02, 1141, 10, 4, 1141, 166
0.12, 0.02, 1141, 10, 4, 1141, 169
0.12, 0.02, 1141, 10, 4, 1141, 164
0.12, 0.02, 1141, 10, 4, 1141, 168
0.18, 0.02, 1141, 10, 4, 1141, 171
0.12, 0.02, 1141, 10, 4, 1141, 169
0.12, 0.02, 1141, 10, 4, 1141, 179
0.12, 0.02, 1141, 10, 4, 1141, 177
0.06, 0.02, 1141, 10, 4, 1141, 177
0.12, 0.02, 1141, 10, 4, 1141, 179
0.12, 0.02, 1141, 10, 4, 1141, 171
0.12, 0.02, 1141, 10, 4, 1141, 171
0.12, 0.02, 1141, 10, 4, 1141, 177
0.12, 0.02, 1141, 10, 4, 1141, 180
0.12, 0.02, 1141, 10, 4, 1141, 176
0.12, 0.02, 1141, 10, 4, 1141, 174
0.12, 0.02, 1141, 10, 4, 1141, 171
0.12, 0.02, 1141, 10, 4, 1141, 167
0.06, 0.02, 1141, 10, 4, 1141, 169
0.12, 0.02, 1141, 10, 4, 1141, 168
0.18, 0.02, 1141, 10, 4, 1141, 165
0.3, 0.02, 1141, 10, 4, 1141, 163
0.12, 0.02, 1141, 10, 4, 1141, 161
0.12, 0.02, 1141, 10, 4, 1141, 159
0.12, 0.02, 1141, 10, 4, 1141, 159
0.12, 0.02, 1141, 10, 4, 1141, 158
0.12, 0.02, 1141, 10, 4, 1141, 159
0.12, 0.02, 1141, 10, 4, 1141, 156
0.12, 0.02, 1141, 10, 4, 1141, 152
0.12, 0.02, 1141, 10, 4, 1141, 151
0.12, 0.02, 1141, 10, 4, 1141, 153
0.12, 0.02, 1141, 10, 4, 1141, 155
0.12, 0.02, 1141, 10, 4, 1141, 154
0.12, 0.02, 1141, 10, 4, 1141, 156
0.18, 0.02, 1141, 10, 4, 1141, 148
0.12, 0.02, 1141, 10, 4, 1141, 143
0.12, 0.02, 1141, 10, 4, 1141, 145
0.18, 0.02, 1141, 10, 4, 1141, 149
0.06, 0.02, 1141, 10, 4, 1141, 152
0.12, 0.02, 1141, 10, 4, 1141, 154
0.12, 0.02, 1141, 10, 4, 1141, 158
0.12, 0.02, 1141, 10, 4, 1141, 162
0.12, 0.02, 1141, 10, 4, 1141, 158
0.18, 0.02, 1141, 10, 4, 1141, 158
0.12, 0.02, 1141, 10, 4, 1141, 151
0.12, 0.02, 1141, 10, 4, 1141, 155
0.12, 0.02, 1141, 10, 4, 1141, 157
0.12, 0.02, 1141, 10, 4, 1141, 157
0.12, 0.02, 1141, 10, 4, 1141, 160
0.12, 0.02, 1141, 10, 4, 1141, 158
0.12, 0.02, 1141, 10, 4, 1141, 165
0.12, 0.02, 1141, 10, 4, 1141, 162
0.12, 0.02, 1141, 10, 4, 1141, 157
0.12, 0.02, 1141, 10, 4, 1141, 161
0.12, 0.02, 1141, 10, 4, 1141, 161
0.12, 0.02, 1141, 10, 4, 1141, 163
0.12, 0.02, 1141, 10, 4, 1141, 162
0.12, 0.02, 1141, 10, 4, 1141, 164
0.06, 0.02, 1141, 10, 4, 1141, 165
0.18, 0.02, 1141, 10, 4, 1141, 165
0.12, 0.02, 1141, 10, 4, 1141, 163
0.06, 0.02, 1141, 10, 4, 1141, 160
0.12, 0.02, 1141, 10, 4, 1141, 164
0.12, 0.02, 1141, 10, 4, 1141, 165
0.12, 0.02, 1141, 10, 4, 1141, 164
0.12, 0.02, 1141, 10, 4, 1141, 161
0.12, 0.02, 1141, 10, 4, 1141, 162
0.12, 0.02, 1141, 10, 4, 1141, 161
0.12, 0.02, 1141, 10, 4, 1141, 157
0.12, 0.02, 1141, 10, 4, 1141, 157
0.12, 0.02, 1141, 10, 4, 1141, 155
0.12, 0.02, 1141, 10, 4, 1141, 154
0.12, 0.02, 1141, 10, 4, 1141, 155
0.12, 0.02, 1141, 10, 4, 1141, 154
0.12, 0.02, 1141, 10, 4, 1141, 153
0.12, 0.02, 1141, 10, 4, 1141, 151
0.12, 0.02, 1141, 10, 4, 1141, 149
0.12, 0.02, 1141, 10, 4, 1141, 142
0.12, 0.02, 1141, 10, 4, 1141, 141
0.12, 0.02, 1141, 10, 4, 1141, 141
0.12, 0.02, 1141, 10, 4, 1141, 145
0.18, 0.02, 1141, 10, 4, 1141, 145
0.18, 0.02, 1141, 10, 4, 1141, 148
0.06, 0.02, 1141, 10, 4, 1141, 147
0.12, 0.02, 1141, 10, 4, 1141, 152
0.12, 0.02, 1141, 10, 4, 1141, 151
0.12, 0.02, 1141, 10, 4, 1141, 148
0.12, 0.02, 1141, 10, 4, 1141, 143
0.12, 0.02, 1141, 10, 4, 1141, 141
0.12, 0.02, 1141, 10, 4, 1141, 140
0.18, 0.02, 1141, 10, 4, 1141, 142
0.06, 0.02, 1141, 10, 4, 1141, 142
0.12, 0.02, 1141, 10, 4, 1141, 140
0.12, 0.02, 1141, 10, 4, 1141, 140
0.12, 0.02, 1141, 10, 4, 1141, 141
0.12, 0.02, 1141, 10, 4, 1141, 141
0.12, 0.02, 1141, 10, 4, 1141, 142
0.12, 0.02, 1141, 10, 4, 1141, 140
0.12, 0.02, 1141, 10, 4, 1141, 143
0.12, 0.02, 1141, 10, 4, 1141, 144
0.12, 0.02, 1141, 10, 4, 1141, 148
0.12, 0.02, 1141, 10, 4, 1141, 148
0.12, 0.02, 1141, 10, 4, 1141, 151
0.12, 0.02, 1141, 10, 4, 1141, 148
0.12, 0.02, 1141, 10, 4, 1141, 155
0.12, 0.02, 1141, 10, 4, 1141, 155
0.12, 0.02, 1141, 10, 4, 1141, 156
0.06, 0.02, 1141, 10, 4, 1141, 161
0.12, 0.02, 1141, 10, 4, 1141, 160
0.18, 0.02, 1141, 10, 4, 1141, 157
0.12, 0.02, 1141, 10, 4, 1141, 153
0.12, 0.02, 1141, 10, 4, 1141, 153
0.06, 0.02, 1141, 10, 4, 1141, 156
0.12, 0.02, 1141, 10, 4, 1141, 154
0.12, 0.02, 1141, 10, 4, 1141, 156
0.12, 0.02, 1141, 10, 4, 1141, 164
0.12, 0.02, 1141, 10, 4, 1141, 158
0.12, 0.02, 1141, 10, 4, 1141, 160
0.12, 0.02, 1141, 10, 4, 1141, 163
0.12, 0.02, 1141, 10, 4, 1141, 160
0.12, 0.02, 1141, 10, 4, 1141, 158
0.12, 0.02, 1141, 10, 4, 1141, 161
0.12, 0.02, 1141, 10, 4, 1141, 165
0.06, 0.02, 1141, 10, 4, 1141, 163
0.12, 0.02, 1141, 10, 4, 1141, 160
0.12, 0.02, 1141, 10, 4, 1141, 160
0.18, 0.02, 1141, 10, 4, 1141, 159
0.12, 0.02, 1141, 10, 4, 1141, 155
0.12, 0.02, 1141, 10, 4, 1141, 156
0.12, 0.02, 1141, 10, 4, 1141, 159
0.12, 0.02, 1141, 10, 4, 1141, 157
0.06, 0.02, 1141, 10, 4, 1141, 158
0.12, 0.02, 1141, 10, 4, 1141, 155
0.12, 0.02, 1141, 10, 4, 1141, 155
0.12, 0.02, 1141, 10, 4, 1141, 159
0.24, 0.02, 1141, 10, 4, 1141, 158
0.12, 0.02, 1141, 10, 4, 1141, 156
0.12, 0.02, 1141, 10, 4, 1141, 154
0.12, 0.02, 1141, 10, 4, 1141, 153
0.12, 0.02, 1141, 10, 4, 1141, 151
0.12, 0.02, 1141, 10, 4, 1141, 152
0.12, 0.02, 1141, 10, 4, 1141, 152
0.18, 0.02, 1141, 10, 4, 1141, 151
0.18, 0.02, 1141, 10, 4, 1141, 150
0.12, 0.02, 1141, 10, 4, 1141, 144
0.12, 0.02, 1141, 10, 4, 1141, 142
0.12, 0.02, 1141, 10, 4, 1141, 139
0.12, 0.02, 1141, 10, 4, 1141, 136
0.18, 0.02, 1141, 10, 4, 1141, 137
0.12, 0.02, 1141, 10, 4, 1141, 136
0.12, 0.02, 1141, 10, 4, 1141, 137
0.12, 0.02, 1141, 10, 4, 1141, 137
0.12, 0.02, 1141, 10, 4, 1141, 139
0.12, 0.02, 1141, 10, 4, 1141, 141
0.12, 0.02, 1141, 10, 4, 1141, 144
0.06, 0.02, 1141, 10, 4, 1141, 145
0.12, 0.02, 1141, 10, 4, 1141, 150
0.12, 0.02, 1141, 10, 4, 1141, 148
0.12, 0.02, 1141, 10, 4, 1141, 150
0.12, 0.02, 1141, 10, 4, 1141, 152
0.12, 0.02, 1141, 10, 4, 1141, 149
0.12, 0.02, 1141, 10, 4, 1141, 146
0.12, 0.02, 1141, 10, 4, 1141, 145
0.12, 0.02, 1141, 10, 4, 1141, 147
0.12, 0.02, 1141, 10, 4, 1141, 151
0.12, 0.02, 1141, 10, 4, 1141, 152
0.12, 0.02, 1141, 10, 4, 1141, 154
0.12, 0.02, 1141, 10, 4, 1141, 152
0.12, 0.02, 1141, 10, 4, 1141, 151
0.12, 0.02, 1141, 10, 4, 1141, 150
0.12, 0.02, 1141, 10, 4, 1141, 149
0.12, 0.02, 1141, 10, 4, 1141, 146
0.12, 0.02, 1141, 10, 4, 1141, 146
0.12, 0.02, 1141, 10, 4, 1141, 144
0.12, 0.02, 1141, 10, 4, 1141, 142
0.12, 0.02, 1141, 10, 4, 1141, 146
0.12, 0.02, 1141, 10, 4, 1141, 144
0.06, 0.02, 1141, 10, 4, 1141, 143
0.12, 0.02, 1141, 10, 4, 1141, 143
0.12, 0.02, 1141, 10, 4, 1141, 141
0.12, 0.02, 1141, 10, 4, 1141, 139
0.12, 0.02, 1141, 10, 4, 1141, 141
0.12, 0.02, 1141, 10, 4, 1141, 146
0.12, 0.02, 1141, 10, 4, 1141, 143
0.12, 0.02, 1141, 10, 4, 1141, 143
0.12, 0.02, 1141, 10, 4, 1141, 140
0.12, 0.02, 1141, 10, 4, 1141, 143
0.12, 0.02, 1141, 10, 4, 1141, 137
0.06, 0.02, 1141, 10, 4, 1141, 133
0.12, 0.02, 1141, 10, 4, 1141, 130
0.12, 0.02, 1141, 10, 4, 1141, 135
0.12, 0.02, 1141, 10, 4, 1141, 136
0.12, 0.02, 1141, 10, 4, 1141, 137
0.12, 0.02, 1141, 10, 4, 1141, 142
0.12, 0.02, 1141, 10, 4, 1141, 142
0.06, 0.02, 1141, 10, 4, 1141, 143
0.12, 0.02, 1141, 10, 4, 1141, 143
0.12, 0.02, 1141, 10, 4, 1141, 144
0.18, 0.02, 1143, 10, 4, 1141, 144
0.06, 0.02, 1146, 10, 4, 1143, 146
0.12, 0.02, 1147, 10, 4, 1146, 150
0.12, 0.02, 1149, 10, 4, 1147, 156
0.12, 0.02, 1151, 10, 4, 1149, 155
0.12, 0.02, 1153, 10, 4, 1151, 151
0.06, 0.02, 1155, 10, 4, 1153, 150
0.12, 0.02, 1156, 10, 4, 1155, 150
0.12, 0.02, 1158, 10, 4, 1156, 148
0.12, 0.02, 1160, 10, 4, 1158, 148
0.12, 0.02, 1162, 10, 4, 1160, 150
0.12, 0.02, 1164, 10, 4, 1162, 153
0.12, 0.02, 1166, 10, 4, 1164, 154
0.12, 0.02, 1168, 10, 4, 1166, 157
0.12, 0.02, 1170, 10, 4, 1168, 160
0.12, 0.02, 1172, 10, 4, 1170, 165
0.12, 0.02, 1174, 10, 4, 1172, 166
0.12, 0.02, 1176, 10, 4, 1174, 163
0.12, 0.02, 1178, 10, 4, 1176, 163
0.12, 0.02, 1180, 10, 4, 1178, 163
0.12, 0.02, 1182, 10, 4, 1180, 165
0.12, 0.02, 1184, 10, 4, 1182, 167
0.12, 0.02, 1186, 10, 4, 1184, 169
0.12, 0.02, 1188, 10, 4, 1186, 168
0.12, 0.02, 1190, 10, 4, 1188, 161
0.12, 0.02, 1192, 10, 4, 1190, 163
0.12, 0.02, 1194, 10, 4, 1192, 163
0.06, 0.02, 1196, 10, 4, 1194, 166
0.12, 0.02, 1197, 10, 4, 1196, 168
0.12, 0.02, 1199, 10, 4, 1197, 167
0.12, 0.02, 1201, 10, 4, 1199, 169
0.12, 0.02, 1203, 10, 4, 1201, 170
0.12, 0.02, 1205, 10, 4, 1203, 169
0.12, 0.02, 1207, 10, 4, 1205, 168
0.12, 0.02, 1209, 10, 4, 1207, 163
0.12, 0.02, 1211, 10, 4, 1209, 164
0.12, 0.02, 1213, 10, 4, 1211, 166
0.12, 0.02, 1215, 10, 4, 1213, 168
0.12, 0.02, 1217, 10, 4, 1215, 168
0.12, 0.02, 1219, 10, 4, 1217, 168
0.12, 0.02, 1221, 10, 4, 1219, 166
0.12, 0.02, 1223, 10, 4, 1221, 165
0.12, 0.02, 1225, 10, 4, 1223, 166
0.12, 0.02, 1227, 10, 4, 1225, 169
0.12, 0.02, 1229, 10, 4, 1227, 169
0.18, 0.02, 1231, 10, 4, 1229, 168
0.12, 0.02, 1234, 10, 4, 1231, 168
0.12, 0.02, 1236, 10, 4, 1234, 169
0.12, 0.02, 1238, 10, 4, 1236, 169
0.18, 0.02, 1240, 10, 4, 1238, 171
0.12, 0.02, 1243, 10, 4, 1240, 170
0.18, 0.02, 1245, 10, 4, 1243, 172
0.18, 0.02, 1248, 10, 4, 1245, 178
0.06, 0.02, 1251, 10, 4, 1248, 179
0.12, 0.02, 1252, 10, 4, 1251, 178
0.12, 0.02, 1254, 10, 4, 1252, 175
0.12, 0.02, 1256, 10, 4, 1254, 182
0.12, 0.02, 1258, 10, 4, 1256, 185
0.12, 0.02, 1260, 10, 4, 1258, 190
0.12, 0.02, 1262, 10, 4, 1260, 191
0.12, 0.02, 1264, 10, 4, 1262, 188
0.12, 0.02, 1266, 10, 4, 1264, 194
0.12, 0.02, 1268, 10, 4, 1266, 191
0.06, 0.02, 1270, 10, 4, 1268, 191
0.12, 0.02, 1271, 10, 4, 1270, 195
0.12, 0.02, 1273, 10, 4, 1271, 197
0.12, 0.02, 1275, 10, 4, 1273, 199
0.12, 0.02, 1277, 10, 4, 1275, 201
0.12, 0.02, 1279, 10, 4, 1277, 199
0.12, 0.02, 1281, 10, 4, 1279, 199
0.12, 0.02, 1283, 10, 4, 1281, 199
0.12, 0.02, 1285, 10, 4, 1283, 201
0.12, 0.02, 1287, 10, 4, 1285, 203
0.12, 0.02, 1289, 10, 4, 1287, 207
0.12, 0.02, 1291, 10, 4, 1289, 206
0.12, 0.02, 1293, 10, 4, 1291, 210
0.12, 0.02, 1295, 10, 4, 1293, 212
0.12, 0.02, 1295, 10, 4, 1295, 215
0.12, 0.02, 1295, 10, 4, 1295, 224
0.12, 0.02, 1295, 10, 4, 1295, 224
0.12, 0.02, 1295, 10, 4, 1295, 222
0.12, 0.02, 1295, 10, 4, 1295, 216
0.12, 0.02, 1295, 10, 4, 1295, 215
0.12, 0.02, 1295, 10, 4, 1295, 207
0.12, 0.02, 1295, 10, 4, 1295, 209
0.12, 0.02, 1295, 10, 4, 1295, 208
0.12, 0.02, 1295, 10, 4, 1295, 206
0.12, 0.02, 1295, 10, 4, 1295, 208
0.12, 0.02, 1295, 10, 4, 1295, 208
0.12, 0.02, 1295, 10, 4, 1295, 207
0.12, 0.02, 1295, 10, 4, 1295, 203
0.12, 0.02, 1295, 10, 4, 1295, 203
0.12, 0.02, 1295, 10, 4, 1295, 201
0.12, 0.02, 1295, 10, 4, 1295, 197
0.12, 0.02, 1295, 10, 4, 1295, 197
0.12, 0.02, 1295, 10, 4, 1295, 201
0.12, 0.02, 1295, 10, 4, 1295, 198
0.12, 0.02, 1295, 10, 4, 1295, 198
0.12, 0.02, 1295, 10, 4, 1295, 190
0.12, 0.02, 1295, 10, 4, 1295, 190
0.12, 0.02, 1295, 10, 4, 1295, 192
0.12, 0.02, 1295, 10, 4, 1295, 191
0.12, 0.02, 1295, 10, 4, 1295, 189
0.12, 0.02, 1295, 10, 4, 1295, 188
0.12, 0.02, 1295, 10, 4, 1295, 186
0.12, 0.02, 1295, 10, 4, 1295, 187
0.12, 0.02, 1295, 10, 4, 1295, 190
0.12, 0.02, 1295, 10, 4, 1295, 189
0.12, 0.02, 1295, 10, 4, 1295, 192
0.12, 0.02, 1295, 10, 4, 1295, 191
0.12, 0.02, 1295, 10, 4, 1295, 184
0.12, 0.02, 1295, 10, 4, 1295, 184
0.12, 0.02, 1295, 10, 4, 1295, 185
0.12, 0.02, 1295, 10, 4, 1295, 189
0.12, 0.02, 1295, 10, 4, 1295, 189
0.12, 0.02, 1295, 10, 4, 1295, 191
0.12, 0.02, 1295, 10, 4, 1295, 191
0.12, 0.02, 1295, 10, 4, 1295, 188
0.12, 0.02, 1295, 10, 4, 1295, 192
0.12, 0.02, 1295, 10, 4, 1295, 188
0.12, 0.02, 1295, 10, 4, 1295, 184
0.18, 0.02, 1295, 10, 4, 1295, 185
0.12, 0.02, 1295, 10, 4, 1295, 191
0.12, 0.02, 1295, 10, 4, 1295, 188
0.12, 0.02, 1295, 10, 4, 1295, 191
0.12, 0.02, 1295, 10, 4, 1295, 189
0.12, 0.02, 1295, 10, 4, 1295, 187
0.12, 0.02, 1295, 10, 4, 1295, 185
0.12, 0.02, 1295, 10, 4, 1295, 186
0.12, 0.02, 1295, 10, 4, 1295, 189
0.12, 0.02, 1295, 10, 4, 1295, 184
0.12, 0.02, 1295, 10, 4, 1295, 186
0.12, 0.02, 1295, 10, 4, 1295, 183
0.12, 0.02, 1295, 10, 4, 1295, 185
0.12, 0.02, 1295, 10, 4, 1295, 186
0.12, 0.02, 1295, 10, 4, 1295, 188
0.12, 0.02, 1295, 10, 4, 1295, 195
0.12, 0.02, 1295, 10, 4, 1295, 193
0.12, 0.02, 1295, 10, 4, 1295, 191
0.18, 0.02, 1295, 10, 4, 1295, 189
0.12, 0.02, 1295, 10, 4, 1295, 185
0.12, 0.02, 1295, 10, 4, 1295, 186
0.12, 0.02, 1295, 10, 4, 1295, 183
0.12, 0.02, 1295, 10, 4, 1295, 183
0.12, 0.02, 1295, 10, 4, 1295, 182
0.12, 0.02, 1295, 10, 4, 1295, 179
0.12, 0.02, 1295, 10, 4, 1295, 179
0.12, 0.02, 1295, 10, 4, 1295, 181
0.12, 0.02, 1295, 10, 4, 1295, 181
0.18, 0.02, 1295, 10, 4, 1295, 187
0.12, 0.02, 1295, 10, 4, 1295, 196
0.18, 0.02, 1295, 10, 4, 1295, 197
0.12, 0.02, 1295, 10, 4, 1295, 201
0.06, 0.02, 1295, 10, 4, 1295, 208
0.12, 0.02, 1295, 10, 4, 1295, 207
0.12, 0.02, 1295, 10, 4, 1295, 208
0.12, 0.02, 1295, 10, 4, 1295, 209
0.12, 0.02, 1295, 10, 4, 1295, 205
0.12, 0.02, 1295, 10, 4, 1295, 206
0.12, 0.02, 1295, 10, 4, 1295, 209
0.12, 0.02, 1295, 10, 4, 1295, 211
0.18, 0.02, 1295, 10, 4, 1295, 209
0.12, 0.02, 1295, 10, 4, 1295, 201
0.12, 0.02, 1295, 10, 4, 1295, 202
0.18, 0.02, 1295, 10, 4, 1295, 202
0.12, 0.02, 1295, 10, 4, 1295, 201
0.12, 0.02, 1295, 10, 4, 1295, 198
0.12, 0.02, 1295, 10, 4, 1295, 195
0.18, 0.02, 1295, 10, 4, 1295, 189
0.12, 0.02, 1295, 10, 4, 1295, 193
0.12, 0.02, 1295, 10, 4, 1295, 194
0.12, 0.02, 1295, 10, 4, 1295, 195
0.12, 0.02, 1295, 10, 4, 1295, 197
0.18, 0.02, 1295, 10, 4, 1295, 196
0.12, 0.02, 1295, 10, 4, 1295, 188
0.18, 0.02, 1295, 10, 4, 1295, 189
0.12, 0.02, 1295, 10, 4, 1295, 183
0.12, 0.02, 1295, 10, 4, 1295, 185
0.18, 0.02, 1295, 10, 4, 1295, 184
0.12, 0.02, 1295, 10, 4, 1295, 179
0.18, 0.02, 1295, 10, 4, 1295, 178
0.12, 0.02, 1295, 10, 4, 1295, 178
0.12, 0.02, 1295, 10, 4, 1295, 174
0.18, 0.02, 1295, 10, 4, 1295, 175
0.12, 0.02, 1295, 10, 4, 1295, 182
0.12, 0.02, 1295, 10, 4, 1295, 189
0.18, 0.02, 1295, 10, 4, 1295, 186
0.12, 0.02, 1295, 10, 4, 1295, 194
0.12, 0.02, 1295, 10, 4, 1295, 190
0.12, 0.02, 1295, 10, 4, 1295, 189
0.18, 0.02, 1295, 10, 4, 1295, 189
0.12, 0.02, 1295, 10, 4, 1295, 192
0.12, 0.02, 1295, 10, 4, 1295, 192
0.12, 0.02, 1295, 10, 4, 1295, 193
0.12, 0.02, 1295, 10, 4, 1295, 197
0.12, 0.02, 1295, 10, 4, 1295, 197
0.12, 0.02, 1295, 10, 4, 1295, 199
0.18, 0.02, 1295, 10, 4, 1295, 199
0.18, 0.02, 1295, 10, 4, 1295, 200
0.18, 0.02, 1295, 10, 4, 1295, 194
0.12, 0.02, 1295, 10, 4, 1295, 193
0.18, 0.02, 1295, 10, 4, 1295, 194
0.12, 0.02, 1295, 10, 4, 1295, 190
0.06, 0.02, 1295, 10, 4, 1295, 185
0.12, 0.02, 1295, 10, 4, 1295, 183
0.12, 0.02, 1295, 10, 4, 1295, 180
0.12, 0.02, 1295, 10, 4, 1295, 180
0.12, 0.02, 1295, 10, 4, 1295, 176
0.12, 0.02, 1295, 10, 4, 1295, 177
0.12, 0.02, 1295, 10, 4, 1295, 179
0.12, 0.02, 1295, 10, 4, 1295, 176
0.12, 0.02, 1295, 10, 4, 1295, 178
0.12, 0.02, 1295, 10, 4, 1295, 180
0.12, 0.02, 1295, 10, 4, 1295, 181
0.12, 0.02, 1295, 10, 4, 1295, 182
0.12, 0.02, 1295, 10, 4, 1295, 184
0.12, 0.02, 1295, 10, 4, 1295, 182
0.12, 0.02, 1295, 10, 4, 1295, 181
0.12, 0.02, 1295, 10, 4, 1295, 183
0.12, 0.02, 1295, 10, 4, 1295, 183
0.12, 0.02, 1295, 10, 4, 1295, 189
0.12, 0.02, 1295, 10, 4, 1295, 186
0.12, 0.02, 1295, 10, 4, 1295, 186
0.12, 0.02, 1295, 10, 4, 1295, 187
0.12, 0.02, 1295, 10, 4, 1295, 182
0.12, 0.02, 1295, 10, 4, 1295, 184
0.12, 0.02, 1295, 10, 4, 1295, 181
0.12, 0.02, 1295, 10, 4, 1295, 179
0.12, 0.02, 1295, 10, 4, 1295, 181
0.12, 0.02, 1295, 10, 4, 1295, 187
0.12, 0.02, 1295, 10, 4, 1295, 187
0.12, 0.02, 1295, 10, 4, 1295, 183
0.12, 0.02, 1295, 10, 4, 1295, 184
0.12, 0.02, 1295, 10, 4, 1295, 186
0.12, 0.02, 1295, 10, 4, 1295, 189
0.12, 0.02, 1295, 10, 4, 1295, 189
0.12, 0.02, 1295, 10, 4, 1295, 191
0.18, 0.02, 1295, 10, 4, 1295, 191
0.12, 0.02, 1295, 10, 4, 1295, 198
0.12, 0.02, 1295, 10, 4, 1295, 196
0.12, 0.02, 1295, 10, 4, 1295, 196
0.12, 0.02, 1295, 10, 4, 1295, 201
0.12, 0.02, 1295, 10, 4, 1295, 197
0.12, 0.02, 1295, 10, 4, 1295, 199
0.12, 0.02, 1295, 10, 4, 1295, 200
0.12, 0.02, 1295, 10, 4, 1295, 200
0.12, 0.02, 1295, 10, 4, 1295, 198
0.12, 0.02, 1295, 10, 4, 1295, 200
0.18, 0.02, 1295, 10, 4, 1295, 199
0.12, 0.02, 1295, 10, 4, 1295, 198
0.12, 0.02, 1295, 10, 4, 1295, 195
0.18, 0.02, 1295, 10, 4, 1295, 196
0.12, 0.02, 1295, 10, 4, 1295, 197
0.12, 0.02, 1295, 10, 4, 1295, 190
0.12, 0.02, 1295, 10, 4, 1295, 189
0.12, 0.02, 1295, 10, 4, 1295, 194
0.18, 0.02, 1295, 10, 4, 1295, 194
0.12, 0.02, 1295, 10, 4, 1295, 195
0.12, 0.02, 1295, 10, 4, 1295, 195
0.12, 0.02, 1295, 10, 4, 1295, 191
0.12, 0.02, 1295, 10, 4, 1295, 196
0.12, 0.02, 1295, 10, 4, 1295, 196
0.12, 0.02, 1295, 10, 4, 1295, 197
0.18, 0.02, 1295, 10, 4, 1295, 199
0.12, 0.02, 1295, 10, 4, 1295, 196
0.12, 0.02, 1295, 10, 4, 1295, 193
0.12, 0.02, 1295, 10, 4, 1295, 192
0.12, 0.02, 1295, 10, 4, 1295, 189
0.12, 0.02, 1295, 10, 4, 1295, 190
0.12, 0.02, 1295, 10, 4, 1295, 194
0.12, 0.02, 1295, 10, 4, 1295, 192
0.12, 0.02, 1295, 10, 4, 1295, 198
0.12, 0.02, 1295, 10, 4, 1295, 194
0.18, 0.02, 1295, 10, 4, 1295, 201
0.12, 0.02, 1295, 10, 4, 1295, 199
0.18, 0.02, 1295, 10, 4, 1295, 197
0.12, 0.02, 1295, 10, 4, 1295, 187
0.12, 0.02, 1295, 10, 4, 1295, 190
0.12, 0.02, 1295, 10, 4, 1295, 191
0.18, 0.02, 1295, 10, 4, 1295, 193
0.12, 0.02, 1295, 10, 4, 1295, 195
0.12, 0.02, 1295, 10, 4, 1295, 193
0.12, 0.02, 1295, 10, 4, 1295, 194
0.12, 0.02, 1295, 10, 4, 1295, 197
0.12, 0.02, 1295, 10, 4, 1295, 199
0.18, 0.02, 1295, 10, 4, 1295, 202
0.12, 0.02, 1295, 10, 4, 1295, 200
0.12, 0.02, 1295, 10, 4, 1295, 191
0.12, 0.02, 1295, 10, 4, 1295, 191
0.12, 0.02, 1295, 10, 4, 1295, 195
0.12, 0.02, 1295, 10, 4, 1295, 198
0.12, 0.02, 1295, 10, 4, 1295, 191
0.12, 0.02, 1295, 10, 4, 1295, 191
0.18, 0.02, 1295, 10, 4, 1295, 192
0.12, 0.02, 1295, 10, 4, 1295, 191
0.12, 0.02, 1295, 10, 4, 1295, 187
0.18, 0.02, 1295, 10, 4, 1295, 184
0.12, 0.02, 1295, 10, 4, 1295, 186
0.12, 0.02, 1295, 10, 4, 1295, 187
0.12, 0.02, 1295, 10, 4, 1295, 183
0.12, 0.02, 1295, 10, 4, 1295, 183
0.12, 0.02, 1295, 10, 4, 1295, 182
0.18, 0.02, 1295, 10, 4, 1295, 183
0.12, 0.02, 1295, 10, 4, 1295, 186
0.18, 0.02, 1295, 10, 4, 1295, 185
0.18, 0.02, 1295, 10, 4, 1295, 187
0.06, 0.02, 1295, 10, 4, 1295, 186
0.12, 0.02, 1295, 10, 4, 1295, 186
0.12, 0.02, 1297, 10, 4, 1295, 186
0.12, 0.02, 1299, 10, 4, 1297, 184
0.12, 0.02, 1301, 10, 4, 1299, 184
0.12, 0.02, 1303, 10, 4, 1301, 186
0.12, 0.02, 1305, 10, 4, 1303, 188
0.12, 0.02, 1307, 10, 4, 1305, 189
0.12, 0.02, 1309, 10, 4, 1307, 192
0.12, 0.02, 1311, 10, 4, 1309, 192
0.12, 0.02, 1313, 10, 4, 1311, 189
0.12, 0.02, 1315, 10, 4, 1313, 189
0.12, 0.02, 1317, 10, 4, 1315, 189
0.12, 0.02, 1319, 10, 4, 1317, 185
0.12, 0.02, 1321, 10, 4, 1319, 184
0.12, 0.02, 1323, 10, 4, 1321, 189
0.12, 0.02, 1325, 10, 4, 1323, 182
0.12, 0.02, 1327, 10, 4, 1325, 177
0.12, 0.02, 1329, 10, 4, 1327, 177
0.12, 0.02, 1331, 10, 4, 1329, 177
0.12, 0.02, 1333, 10, 4, 1331, 179
0.12, 0.02, 1335, 10, 4, 1333, 187
0.12, 0.02, 1337, 10, 4, 1335, 191
0.12, 0.02, 1339, 10, 4, 1337, 188
0.12, 0.02, 1341, 10, 4, 1339, 190
0.12, 0.02, 1343, 10, 4, 1341, 190
0.12, 0.02, 1345, 10, 4, 1343, 191
0.12, 0.02, 1347, 10, 4, 1345, 187
0.12, 0.02, 1349, 10, 4, 1347, 188
0.18, 0.02, 1351, 10, 4, 1349, 193
0.12, 0.02, 1354, 10, 4, 1351, 193
0.12, 0.02, 1356, 10, 4, 1354, 202
0.12, 0.02, 1358, 10, 4, 1356, 203
0.12, 0.02, 1360, 10, 4, 1358, 201
0.12, 0.02, 1362, 10, 4, 1360, 200
0.18, 0.02, 1364, 10, 4, 1362, 204
0.12, 0.02, 1367, 10, 4, 1364, 204
0.12, 0.02, 1369, 10, 4, 1367, 200
0.12, 0.02, 1371, 10, 4, 1369, 197
0.18, 0.02, 1373, 10, 4, 1371, 202
0.12, 0.02, 1376, 10, 4, 1373, 202
0.12, 0.02, 1378, 10, 4, 1376, 201
0.12, 0.02, 1380, 10, 4, 1378, 201
0.18, 0.02, 1382, 10, 4, 1380, 206
0.12, 0.02, 1385, 10, 4, 1382, 204
0.12, 0.02, 1387, 10, 4, 1385, 205
0.12, 0.02, 1389, 10, 4, 1387, 208
0.12, 0.02, 1391, 10, 4, 1389, 210
0.12, 0.02, 1393, 10, 4, 1391, 210
0.18, 0.02, 1395, 10, 4, 1393, 211
0.12, 0.02, 1398, 10, 4, 1395, 216
0.12, 0.02, 1400, 10, 4, 1398, 216
0.12, 0.02, 1402, 10, 4, 1400, 213
0.12, 0.02, 1404, 10, 4, 1402, 219
0.18, 0.02, 1406, 10, 4, 1404, 221
0.12, 0.02, 1409, 10, 4, 1406, 216
0.12, 0.02, 1411, 10, 4, 1409, 215
0.12, 0.02, 1413, 10, 4, 1411, 213
0.12, 0.02, 1415, 10, 4, 1413, 216
0.12, 0.02, 1417, 10, 4, 1415, 215
0.12, 0.02, 1419, 10, 4, 1417, 213
0.12, 0.02, 1421, 10, 4, 1419, 214
0.12, 0.02, 1423, 10, 4, 1421, 213
0.12, 0.02, 1425, 10, 4, 1423, 212
0.12, 0.02, 1427, 10, 4, 1425, 215
0.18, 0.02, 1429, 10, 4, 1427, 215
0.12, 0.02, 1432, 10, 4, 1429, 221
0.12, 0.02, 1434, 10, 4, 1432, 219
0.12, 0.02, 1436, 10, 4, 1434, 223
0.12, 0.02, 1438, 10, 4, 1436, 235
0.12, 0.02, 1440, 10, 4, 1438, 237
0.12, 0.02, 1442, 10, 4, 1440, 238
0.24, 0.02, 1444, 10, 4, 1442, 236
0.12, 0.02, 1448, 10, 4, 1444, 232
0.12, 0.02, 1450, 10, 4, 1448, 237
0.12, 0.02, 1450, 10, 4, 1450, 240
0.12, 0.02, 1450, 10, 4, 1450, 240
0.12, 0.02, 1450, 10, 4, 1450, 233
0.18, 0.02, 1450, 10, 4, 1450, 232
0.12, 0.02, 1450, 10, 4, 1450, 233
0.12, 0.02, 1450, 10, 4, 1450, 235
0.12, 0.02, 1450, 10, 4, 1450, 239
0.12, 0.02, 1450, 10, 4, 1450, 238
0.12, 0.02, 1450, 10, 4, 1450, 240
0.12, 0.02, 1450, 10, 4, 1450, 235
0.12, 0.02, 1450, 10, 4, 1450, 230
0.12, 0.02, 1450, 10, 4, 1450, 232
0.18, 0.02, 1450, 10, 4, 1450, 233
0.12, 0.02, 1450, 10, 4, 1450, 232
0.12, 0.02, 1450, 10, 4, 1450, 229
0.12, 0.02, 1450, 10, 4, 1450, 233
0.12, 0.02, 1450, 10, 4, 1450, 232
0.12, 0.02, 1450, 10, 4, 1450, 225
0.12, 0.02, 1450, 10, 4, 1450, 220
0.12, 0.02, 1450, 10, 4, 1450, 216
0.18, 0.02, 1450, 10, 4, 1450, 212
0.12, 0.02, 1450, 10, 4, 1450, 210
0.12, 0.02, 1450, 10, 4, 1450, 208
0.12, 0.02, 1450, 10, 4, 1450, 210
0.12, 0.02, 1450, 10, 4, 1450, 207
0.12, 0.02, 1450, 10, 4, 1450, 204
0.12, 0.02, 1450, 10, 4, 1450, 200
0.12, 0.02, 1450, 10, 4, 1450, 198
0.18, 0.02, 1450, 10, 4, 1450, 198
0.12, 0.02, 1450, 10, 4, 1450, 204
0.12, 0.02, 1450, 10, 4, 1450, 204
0.12, 0.02, 1450, 10, 4, 1450, 203
0.12, 0.02, 1450, 10, 4, 1450, 203
0.12, 0.02, 1450, 10, 4, 1450, 202
0.12, 0.02, 1450, 10, 4, 1450, 206
0.18, 0.02, 1450, 10, 4, 1450, 208
0.12, 0.02, 1450, 10, 4, 1450, 207
0.12, 0.02, 1450, 10, 4, 1450, 208
0.12, 0.02, 1450, 10, 4, 1450, 210
0.12, 0.02, 1450, 10, 4, 1450, 206
0.12, 0.02, 1450, 10, 4, 1450, 207
0.12, 0.02, 1450, 10, 4, 1450, 204
0.18, 0.02, 1450, 10, 4, 1450, 204
0.12, 0.02, 1450, 10, 4, 1450, 204
0.12, 0.02, 1450, 10, 4, 1450, 202
0.12, 0.02, 1450, 10, 4, 1450, 200
0.12, 0.02, 1450, 10, 4, 1450, 200
0.12, 0.02, 1450, 10, 4, 1450, 201
0.18, 0.02, 1450, 10, 4, 1450, 207
0.12, 0.02, 1450, 10, 4, 1450, 212
0.12, 0.02, 1450, 10, 4, 1450, 205
0.12, 0.02, 1450, 10, 4, 1450, 212
0.12, 0.02, 1450, 10, 4, 1450, 217
0.12, 0.02, 1450, 10, 4, 1450, 211
0.18, 0.02, 1450, 10, 4, 1450, 207
0.12, 0.02, 1450, 10, 4, 1450, 204
0.12, 0.02, 1450, 10, 4, 1450, 205
0.18, 0.02, 1450, 10, 4, 1450, 210
0.12, 0.02, 1450, 10, 4, 1450, 217
0.18, 0.02, 1450, 10, 4, 1450, 216
0.12, 0.02, 1450, 10, 4, 1450, 217
0.12, 0.02, 1450, 10, 4, 1450, 212
0.12, 0.02, 1450, 10, 4, 1450, 213
0.24, 0.02, 1450, 10, 4, 1450, 212
0.12, 0.02, 1450, 10, 4, 1450, 216
0.12, 0.02, 1450, 10, 4, 1450, 213
0.12, 0.02, 1450, 10, 4, 1450, 213
0.12, 0.02, 1450, 10, 4, 1450, 210
0.12, 0.02, 1450, 10, 4, 1450, 205
0.12, 0.02, 1450, 10, 4, 1450, 204
0.12, 0.02, 1450, 10, 4, 1450, 203
0.12, 0.02, 1450, 10, 4, 1450, 196
0.12, 0.02, 1450, 10, 4, 1450, 201
0.12, 0.02, 1450, 10, 4, 1450, 203
0.18, 0.02, 1450, 10, 4, 1450, 198
0.12, 0.02, 1450, 10, 4, 1450, 201
0.12, 0.02, 1450, 10, 4, 1450, 203
0.12, 0.02, 1450, 10, 4, 1450, 204
0.12, 0.02, 1450, 10, 4, 1450, 208
0.12, 0.02, 1450, 10, 4, 1450, 203
0.12, 0.02, 1450, 10, 4, 1450, 203
0.18, 0.02, 1450, 10, 4, 1450, 201
0.12, 0.02, 1450, 10, 4, 1450, 207
0.12, 0.02, 1450, 10, 4, 1450, 210
0.12, 0.02, 1450, 10, 4, 1450, 211
0.18, 0.02, 1450, 10, 4, 1450, 218
0.12, 0.02, 1450, 10, 4, 1450, 221
0.12, 0.02, 1450, 10, 4, 1450, 225
0.18, 0.02, 1450, 10, 4, 1450, 225
0.12, 0.02, 1450, 10, 4, 1450, 226
0.12, 0.02, 1450, 10, 4, 1450, 228
0.18, 0.02, 1450, 10, 4, 1450, 230
0.12, 0.02, 1450, 10, 4, 1450, 229
0.12, 0.02, 1450, 10, 4, 1450, 231
0.24, 0.02, 1450, 10, 4, 1450, 229
0.24, 0.02, 1450, 10, 4, 1450, 227
0.18, 0.02, 1450, 10, 4, 1450, 227
0.12, 0.02, 1450, 10, 4, 1450, 230
0.24, 0.02, 1450, 10, 4, 1450, 236
0.12, 0.02, 1450, 10, 4, 1450, 240
0.12, 0.02, 1450, 10, 4, 1450, 236
0.12, 0.02, 1450, 10, 4, 1450, 236
0.12, 0.02, 1450, 10, 4, 1450, 233
0.12, 0.02, 1450, 10, 4, 1450, 228
0.18, 0.02, 1450, 10, 4, 1450, 226
0.12, 0.02, 1450, 10, 4, 1450, 226
0.12, 0.02, 1450, 10, 4, 1450, 221
0.18, 0.02, 1450, 10, 4, 1450, 217
0.12, 0.02, 1450, 10, 4, 1450, 222
0.12, 0.02, 1450, 10, 4, 1450, 223
0.24, 0.02, 1450, 10, 4, 1450, 223
0.12, 0.02, 1450, 10, 4, 1450, 218
0.12, 0.02, 1450, 10, 4, 1450, 220
0.24, 0.02, 1450, 10, 4, 1450, 217
0.12, 0.02, 1450, 10, 4, 1450, 216
0.18, 0.02, 1450, 10, 4, 1450, 221
0.12, 0.02, 1450, 10, 4, 1450, 224
0.12, 0.02, 1450, 10, 4, 1450, 232
0.12, 0.02, 1450, 10, 4, 1450, 233
0.12, 0.02, 1450, 10, 4, 1450, 234
0.12, 0.02, 1450, 10, 4, 1450, 241
0.12, 0.02, 1450, 10, 4, 1450, 243
0.12, 0.02, 1450, 10, 4, 1450, 240
0.18, 0.02, 1450, 10, 4, 1450, 232
0.12, 0.02, 1450, 10, 4, 1450, 232
0.12, 0.02, 1450, 10, 4, 1450, 229
0.12, 0.02, 1450, 10, 4, 1450, 233
0.24, 0.02, 1450, 10, 4, 1450, 237
0.12, 0.02, 1450, 10, 4, 1450, 236
0.12, 0.02, 1450, 10, 4, 1450, 233
0.12, 0.02, 1450, 10, 4, 1450, 231
0.12, 0.02, 1450, 10, 4, 1450, 239
0.12, 0.02, 1450, 10, 4, 1450, 233
0.12, 0.02, 1450, 10, 4, 1450, 237
0.12, 0.02, 1450, 10, 4, 1450, 231
0.12, 0.02, 1450, 10, 4, 1450, 225
0.12, 0.02, 1450, 10, 4, 1450, 227
0.18, 0.02, 1450, 10, 4, 1450, 223
0.12, 0.02, 1450, 10, 4, 1450, 224
0.12, 0.02, 1450, 10, 4, 1450, 223
0.18, 0.02, 1450, 10, 4, 1450, 232
0.12, 0.02, 1450, 10, 4, 1450, 229
0.12, 0.02, 1450, 10, 4, 1450, 225
0.18, 0.02, 1450, 10, 4, 1450, 222
0.12, 0.02, 1450, 10, 4, 1450, 225
0.12, 0.02, 1450, 10, 4, 1450, 227
0.12, 0.02, 1450, 10, 4, 1450, 231
0.12, 0.02, 1450, 10, 4, 1450, 231
0.18, 0.02, 1450, 10, 4, 1450, 229
0.12, 0.02, 1450, 10, 4, 1450, 232
0.12, 0.02, 1450, 10, 4, 1450, 230
0.18, 0.02, 1450, 10, 4, 1450, 225
0.12, 0.02, 1450, 10, 4, 1450, 232
0.12, 0.02, 1450, 10, 4, 1450, 233
0.12, 0.02, 1450, 10, 4, 1450, 224
0.12, 0.02, 1450, 10, 4, 1450, 221
0.18, 0.02, 1450, 10, 4, 1450, 226
0.12, 0.02, 1450, 10, 4, 1450, 225
0.12, 0.02, 1450, 10, 4, 1450, 220
0.18, 0.02, 1450, 10, 4, 1450, 220
0.18, 0.02, 1450, 10, 4, 1450, 217
0.12, 0.02, 1450, 10, 4, 1450, 217
0.12, 0.02, 1450, 10, 4, 1450, 215
0.18, 0.02, 1450, 10, 4, 1450, 214
0.12, 0.02, 1450, 10, 4, 1450, 217
0.12, 0.02, 1450, 10, 4, 1450, 220
0.18, 0.02, 1450, 10, 4, 1450, 215
0.12, 0.02, 1450, 10, 4, 1450, 220
0.12, 0.02, 1450, 10, 4, 1450, 211
0.12, 0.02, 1450, 10, 4, 1450, 208
0.18, 0.02, 1450, 10, 4, 1450, 204
0.12, 0.02, 1450, 10, 4, 1450, 203
0.12, 0.02, 1450, 10, 4, 1450, 206
0.12, 0.02, 1450, 10, 4, 1450, 204
0.18, 0.02, 1450, 10, 4, 1450, 206
0.12, 0.02, 1450, 10, 4, 1450, 199
0.12, 0.02, 1450, 10, 4, 1450, 200
0.12, 0.02, 1450, 10, 4, 1450, 203
0.18, 0.02, 1450, 10, 4, 1450, 200
0.12, 0.02, 1450, 10, 4, 1450, 200
0.12, 0.02, 1450, 10, 4, 1450, 203
0.12, 0.02, 1450, 10, 4, 1450, 205
0.12, 0.02, 1452, 10, 4, 1450, 212
0.12, 0.02, 1454, 10, 4, 1452, 212
0.24, 0.02, 1456, 10, 4, 1454, 214
0.12, 0.02, 1460, 10, 4, 1456, 213
0.12, 0.02, 1462, 10, 4, 1460, 215
0.12, 0.02, 1464, 10, 4, 1462, 217
0.12, 0.02, 1466, 10, 4, 1464, 217
0.12, 0.02, 1468, 10, 4, 1466, 214
0.18, 0.02, 1470, 10, 4, 1468, 218
0.12, 0.02, 1473, 10, 4, 1470, 216
0.12, 0.02, 1475, 10, 4, 1473, 216
0.12, 0.02, 1477, 10, 4, 1475, 213
0.12, 0.02, 1479, 10, 4, 1477, 214
0.12, 0.02, 1481, 10, 4, 1479, 213
0.24, 0.02, 1483, 10, 4, 1481, 215
0.12, 0.02, 1487, 10, 4, 1483, 212
0.12, 0.02, 1489, 10, 4, 1487, 217
0.12, 0.02, 1491, 10, 4, 1489, 217
0.12, 0.02, 1493, 10, 4, 1491, 218
0.12, 0.02, 1495, 10, 4, 1493, 221
0.12, 0.02, 1497, 10, 4, 1495, 217
0.12, 0.02, 1499, 10, 4, 1497, 219
0.12, 0.02, 1501, 10, 4, 1499, 218
0.12, 0.02, 1503, 10, 4, 1501, 216
0.18, 0.02, 1505, 10, 4, 1503, 218
0.12, 0.02, 1508, 10, 4, 1505, 214
0.12, 0.02, 1510, 10, 4, 1508, 215
0.12, 0.02, 1512, 10, 4, 1510, 213
0.12, 0.02, 1514, 10, 4, 1512, 213
0.3, 0.02, 1516, 10, 4, 1514, 215
0.12, 0.02, 1521, 10, 4, 1516, 220
0.12, 0.02, 1523, 10, 4, 1521, 221
0.12, 0.02, 1525, 10, 4, 1523, 221
0.12, 0.02, 1527, 10, 4, 1525, 221
0.12, 0.02, 1529, 10, 4, 1527, 225
0.12, 0.02, 1531, 10, 4, 1529, 223
0.12, 0.02, 1533, 10, 4, 1531, 220
0.12, 0.02, 1535, 10, 4, 1533, 218
0.18, 0.02, 1537, 10, 4, 1535, 223
0.12, 0.02, 1540, 10, 4, 1537, 219
0.12, 0.02, 1542, 10, 4, 1540, 219
0.18, 0.02, 1544, 10, 4, 1542, 222
0.12, 0.02, 1547, 10, 4, 1544, 226
0.12, 0.02, 1549, 10, 4, 1547, 232
0.12, 0.02, 1551, 10, 4, 1549, 235
0.12, 0.02, 1553, 10, 4, 1551, 237
0.18, 0.02, 1555, 10, 4, 1553, 243
0.12, 0.02, 1558, 10, 4, 1555, 248
0.12, 0.02, 1560, 10, 4, 1558, 248
0.12, 0.02, 1562, 10, 4, 1560, 247
0.12, 0.02, 1564, 10, 4, 1562, 246
0.18, 0.02, 1566, 10, 4, 1564, 250
0.12, 0.02, 1569, 10, 4, 1566, 250
0.18, 0.02, 1571, 10, 4, 1569, 255
0.12, 0.02, 1574, 10, 4, 1571, 252
0.18, 0.02, 1576, 10, 4, 1574, 248
0.12, 0.02, 1579, 10, 4, 1576, 251
0.12, 0.02, 1581, 10, 4, 1579, 247
0.12, 0.02, 1583, 10, 4, 1581, 245
0.18, 0.02, 1585, 10, 4, 1583, 250
0.18, 0.02, 1588, 10, 4, 1585, 248
0.18, 0.02, 1591, 10, 4, 1588, 244
0.18, 0.02, 1594, 10, 4, 1591, 254
0.12, 0.02, 1597, 10, 4, 1594, 258
0.18, 0.02, 1599, 10, 4, 1597, 253
0.12, 0.02, 1602, 10, 4, 1599, 246
0.18, 0.02, 1604, 10, 4, 1602, 245
0.12, 0.02, 1607, 10, 4, 1604, 244
0.24, 0.02, 1609, 10, 4, 1607, 241
0.12, 0.02, 1613, 10, 4, 1609, 237
0.12, 0.02, 1615, 10, 4, 1613, 234
0.18, 0.02, 1617, 10, 4, 1615, 234
0.12, 0.02, 1620, 10, 4, 1617, 237
0.18, 0.02, 1622, 10, 4, 1620, 238
0.12, 0.02, 1625, 10, 4, 1622, 238
0.18, 0.02, 1627, 10, 4, 1625, 245
0.12, 0.02, 1630, 10, 4, 1627, 245
0.18, 0.02, 1632, 10, 4, 1630, 249
0.12, 0.02, 1635, 10, 4, 1632, 255
0.12, 0.02, 1637, 10, 4, 1635, 255
0.18, 0.02, 1639, 10, 4, 1637, 258
0.12, 0.02, 1642, 10, 4, 1639, 267
0.24, 0.02, 1644, 10, 4, 1642, 266
0.12, 0.02, 1648, 10, 4, 1644, 274
0.12, 0.02, 1650, 10, 4, 1648, 277
0.18, 0.02, 1652, 10, 4, 1650, 283
0.12, 0.02, 1655, 10, 4, 1652, 276
0.12, 0.02, 1657, 10, 4, 1655, 278
0.18, 0.02, 1659, 10, 4, 1657, 280
0.12, 0.02, 1662, 10, 4, 1659, 283
0.18, 0.02, 1664, 10, 4, 1662, 287
0.12, 0.02, 1667, 10, 4, 1664, 286
0.12, 0.02, 1670, 10, 4, 1667, 291
0.18, 0.02, 1673, 10, 4, 1670, 295
0.12, 0.02, 1677, 10, 4, 1673, 303
0.18, 0.02, 1680, 10, 4, 1677, 313
0.12, 0.02, 1684, 10, 4, 1680, 311
0.18, 0.02, 1687, 10, 4, 1684, 311
0.12, 0.02, 1691, 10, 4, 1687, 308
0.18, 0.02, 1694, 10, 4, 1691, 303
0.12, 0.02, 1698, 10, 4, 1694, 304
0.18, 0.02, 1701, 10, 4, 1698, 297
0.12, 0.02, 1705, 10, 4, 1701, 294
0.18, 0.02, 1708, 10, 4, 1705, 298
0.12, 0.02, 1712, 10, 4, 1708, 300
0.18, 0.02, 1715, 10, 4, 1712, 300
0.12, 0.02, 1719, 10, 4, 1715, 292
0.18, 0.02, 1722, 10, 4, 1719, 289
0.18, 0.02, 1726, 10, 4, 1722, 290
0.12, 0.02, 1730, 10, 4, 1726, 289
0.18, 0.02, 1733, 10, 4, 1730, 293
0.12, 0.02, 1737, 10, 4, 1733, 291
0.18, 0.02, 1740, 10, 4, 1737, 294
0.18, 0.02, 1744, 10, 4, 1740, 300
0.12, 0.02, 1748, 10, 4, 1744, 305
0.18, 0.02, 1751, 10, 4, 1748, 306
0.12, 0.02, 1755, 10, 4, 1751, 298
0.18, 0.02, 1758, 10, 4, 1755, 298
0.18, 0.02, 1762, 10, 4, 1758, 305
0.18, 0.02, 1766, 10, 4, 1762, 300
0.12, 0.02, 1770, 10, 4, 1766, 291
0.18, 0.02, 1773, 10, 4, 1770, 295
0.18, 0.02, 1777, 10, 4, 1773, 296
0.12, 0.02, 1781, 10, 4, 1777, 298
0.18, 0.02, 1784, 10, 4, 1781, 299
0.18, 0.02, 1788, 10, 4, 1784, 304
0.12, 0.02, 1792, 10, 4, 1788, 302
0.18, 0.02, 1795, 10, 4, 1792, 306
0.18, 0.02, 1799, 10, 4, 1795, 299
0.18, 0.02, 1803, 10, 4, 1799, 299
0.12, 0.02, 1807, 10, 4, 1803, 290
0.18, 0.02, 1810, 10, 4, 1807, 292
0.18, 0.02, 1814, 10, 4, 1810, 298
0.12, 0.02, 1818, 10, 4, 1814, 302
0.18, 0.02, 1821, 10, 4, 1818, 298
0.18, 0.02, 1825, 10, 4, 1821, 295
0.18, 0.02, 1829, 10, 4, 1825, 302
0.18, 0.02, 1833, 10, 4, 1829, 309
0.18, 0.02, 1837, 10, 4, 1833, 320
0.18, 0.02, 1841, 10, 4, 1837, 320
0.18, 0.02, 1845, 10, 4, 1841, 317
0.12, 0.02, 1849, 10, 4, 1845, 324
0.24, 0.02, 1852, 10, 4, 1849, 317
0.18, 0.02, 1857, 10, 4, 1852, 320
0.18, 0.02, 1861, 10, 4, 1857, 314
0.18, 0.02, 1865, 10, 4, 1861, 307
0.18, 0.02, 1869, 10, 4, 1865, 311
0.18, 0.02, 1873, 10, 4, 1869, 314
0.12, 0.02, 1877, 10, 4, 1873, 309
0.18, 0.02, 1880, 10, 4, 1877, 309
0.18, 0.02, 1884, 10, 4, 1880, 301
0.18, 0.02, 1888, 10, 4, 1884, 299
0.18, 0.02, 1892, 10, 4, 1888, 295
0.12, 0.02, 1896, 10, 4, 1892, 303
0.18, 0.02, 1899, 10, 4, 1896, 311
0.18, 0.02, 1903, 10, 4, 1899, 316
0.18, 0.02, 1907, 10, 4, 1903, 312
0.12, 0.02, 1911, 10, 4, 1907, 311
0.18, 0.02, 1914, 10, 4, 1911, 315
0.18, 0.02, 1918, 10, 4, 1914, 322
0.18, 0.02, 1922, 10, 4, 1918, 315
0.12, 0.02, 1926, 10, 4, 1922, 314
0.18, 0.02, 1929, 10, 4, 1926, 313
0.18, 0.02, 1933, 10, 4, 1929, 325
0.18, 0.02, 1937, 10, 4, 1933, 332
0.18, 0.02, 1941, 10, 4, 1937, 342
0.18, 0.02, 1945, 10, 4, 1941, 337
0.12, 0.02, 1949, 10, 4, 1945, 348
0.18, 0.02, 1952, 10, 4, 1949, 351
0.18, 0.02, 1956, 10, 4, 1952, 353
0.18, 0.02, 1960, 10, 4, 1956, 353
0.18, 0.02, 1964, 10, 4, 1960, 351
0.18, 0.02, 1968, 10, 4, 1964, 349
0.18, 0.02, 1972, 10, 4, 1968, 345
0.12, 0.02, 1976, 10, 4, 1972, 342
0.18, 0.02, 1979, 10, 4, 1976, 338
0.18, 0.02, 1983, 10, 4, 1979, 341
0.18, 0.02, 1983, 10, 4, 1983, 345
0.18, 0.02, 1983, 10, 4, 1983, 351
0.18, 0.02, 1983, 10, 4, 1983, 350
0.18, 0.02, 1983, 10, 4, 1983, 352
0.18, 0.02, 1983, 10, 4, 1983, 347
0.12, 0.02, 1983, 10, 4, 1983, 340
0.18, 0.02, 1983, 10, 4, 1983, 338
0.18, 0.02, 1983, 10, 4, 1983, 341
0.18, 0.02, 1983, 10, 4, 1983, 347
0.18, 0.02, 1983, 10, 4, 1983, 345
0.18, 0.02, 1983, 10, 4, 1983, 347
0.18, 0.02, 1983, 10, 4, 1983, 347
0.18, 0.02, 1983, 10, 4, 1983, 342
0.18, 0.02, 1983, 10, 4, 1983, 343
0.18, 0.02, 1983, 10, 4, 1983, 333
0.18, 0.02, 1983, 10, 4, 1983, 334
0.18, 0.02, 1983, 10, 4, 1983, 325
0.18, 0.02, 1983, 10, 4, 1983, 329
0.18, 0.02, 1983, 10, 4, 1983, 328
0.18, 0.02, 1983, 10, 4, 1983, 319
0.18, 0.02, 1983, 10, 4, 1983, 323
0.18, 0.02, 1983, 10, 4, 1983, 319
0.18, 0.02, 1983, 10, 4, 1983, 318
0.18, 0.02, 1983, 10, 4, 1983, 320
0.18, 0.02, 1983, 10, 4, 1983, 321
0.18, 0.02, 1983, 10, 4, 1983, 327
0.18, 0.02, 1983, 10, 4, 1983, 333
0.18, 0.02, 1983, 10, 4, 1983, 336
0.18, 0.02, 1983, 10, 4, 1983, 346
0.18, 0.02, 1983, 10, 4, 1983, 349
0.18, 0.02, 1983, 10, 4, 1983, 358
0.24, 0.02, 1983, 10, 4, 1983, 356
0.18, 0.02, 1983, 10, 4, 1983, 362
0.18, 0.02, 1983, 10, 4, 1983, 361
0.18, 0.02, 1983, 10, 4, 1983, 370
0.18, 0.02, 1983, 10, 4, 1983, 370
0.18, 0.02, 1983, 10, 4, 1983, 375
0.18, 0.02, 1983, 10, 4, 1983, 372
0.18, 0.02, 1983, 10, 4, 1983, 372
0.18, 0.02, 1983, 10, 4, 1983, 364
0.18, 0.02, 1983, 10, 4, 1983, 370
0.18, 0.02, 1983, 10, 4, 1983, 373
0.18, 0.02, 1983, 10, 4, 1983, 367
0.18, 0.02, 1983, 10, 4, 1983, 367
0.18, 0.02, 1983, 10, 4, 1983, 363
0.18, 0.02, 1983, 10, 4, 1983, 370
0.18, 0.02, 1983, 10, 4, 1983, 369
0.24, 0.02, 1983, 10, 4, 1983, 378
0.18, 0.02, 1983, 10, 4, 1983, 369
0.18, 0.02, 1983, 10, 4, 1983, 373
0.18, 0.02, 1983, 10, 4, 1983, 371
0.18, 0.02, 1983, 10, 4, 1983, 370
0.18, 0.02, 1983, 10, 4, 1983, 369
0.18, 0.02, 1983, 10, 4, 1983, 373
0.18, 0.02, 1983, 10, 4, 1983, 375
0.18, 0.02, 1983, 10, 4, 1983, 374
0.18, 0.02, 1983, 10, 4, 1983, 374
0.18, 0.02, 1983, 10, 4, 1983, 375
0.18, 0.02, 1983, 10, 4, 1983, 374
0.18, 0.02, 1983, 10, 4, 1983, 368
0.18, 0.02, 1983, 10, 4, 1983, 368
0.18, 0.02, 1983, 10, 4, 1983, 368
0.18, 0.02, 1983, 10, 4, 1983, 375
0.18, 0.02, 1983, 10, 4, 1983, 374
0.18, 0.02, 1983, 10, 4, 1983, 369
0.18, 0.02, 1983, 10, 4, 1983, 364
0.18, 0.02, 1983, 10, 4, 1983, 358
0.18, 0.02, 1983, 10, 4, 1983, 358
0.18, 0.02, 1983, 10, 4, 1983, 350
0.18, 0.02, 1983, 10, 4, 1983, 350
0.18, 0.02, 1983, 10, 4, 1983, 352
0.18, 0.02, 1983, 10, 4, 1983, 343
0.18, 0.02, 1983, 10, 4, 1983, 350
0.18, 0.02, 1983, 10, 4, 1983, 349
0.18, 0.02, 1983, 10, 4, 1983, 353
0.18, 0.02, 1983, 10, 4, 1983, 348
0.18, 0.02, 1983, 10, 4, 1983, 348
0.18, 0.02, 1983, 10, 4, 1983, 341
0.18, 0.02, 1983, 10, 4, 1983, 339
0.18, 0.02, 1983, 10, 4, 1983, 337
0.18, 0.02, 1983, 10, 4, 1983, 344
0.18, 0.02, 1983, 10, 4, 1983, 345
0.18, 0.02, 1983, 10, 4, 1983, 342
0.18, 0.02, 1983, 10, 4, 1983, 342
0.18, 0.02, 1983, 10, 4, 1983, 339
0.18, 0.02, 1983, 10, 4, 1983, 341
0.18, 0.02, 1983, 10, 4, 1983, 339
0.18, 0.02, 1983, 10, 4, 1983, 343
0.18, 0.02, 1983, 10, 4, 1983, 335
0.18, 0.02, 1983, 10, 4, 1983, 338
0.18, 0.02, 1983, 10, 4, 1983, 340
0.18, 0.02, 1983, 10, 4, 1983, 339
0.18, 0.02, 1983, 10, 4, 1983, 339
0.18, 0.02, 1983, 10, 4, 1983, 343
0.18, 0.02, 1983, 10, 4, 1983, 344
0.18, 0.02, 1983, 10, 4, 1983, 346
0.18, 0.02, 1983, 10, 4, 1983, 345
0.18, 0.02, 1983, 10, 4, 1983, 349
0.24, 0.02, 1983, 10, 4, 1983, 346
0.18, 0.02, 1983, 10, 4, 1983, 351
0.18, 0.02, 1983, 10, 4, 1983, 352
0.18, 0.02, 1987, 10, 4, 1983, 341
0.18, 0.02, 1991, 10, 4, 1987, 351
0.18, 0.02, 1995, 10, 4, 1991, 352
0.18, 0.02, 1999, 10, 4, 1995, 349
0.18, 0.02, 2003, 10, 4, 1999, 346
0.18, 0.02, 2007, 10, 4, 2003, 352
0.18, 0.02, 2011, 10, 4, 2007, 347
0.18, 0.02, 2015, 10, 4, 2011, 344
0.18, 0.02, 2019, 10, 4, 2015, 348
0.18, 0.02, 2023, 10, 4, 2019, 347
0.18, 0.02, 2027, 10, 4, 2023, 342
0.18, 0.02, 2031, 10, 4, 2027, 347
0.18, 0.02, 2035, 10, 4, 2031, 340
0.18, 0.02, 2039, 10, 4, 2035, 339
0.18, 0.02, 2043, 10, 4, 2039, 340
0.18, 0.02, 2047, 10, 4, 2043, 339
0.24, 0.02, 2051, 10, 4, 2047, 341
0.18, 0.02, 2056, 10, 4, 2051, 343
0.18, 0.02, 2060, 10, 4, 2056, 346
0.18, 0.02, 2064, 10, 4, 2060, 351
0.18, 0.02, 2068, 10, 4, 2064, 352
0.18, 0.02, 2072, 10, 4, 2068, 357
0.18, 0.02, 2076, 10, 4, 2072, 361
0.18, 0.02, 2080, 10, 4, 2076, 363
0.18, 0.02, 2084, 10, 4, 2080, 362
0.18, 0.02, 2088, 10, 4, 2084, 352
0.18, 0.02, 2092, 10, 4, 2088, 361
0.18, 0.02, 2096, 10, 4, 2092, 361
0.24, 0.02, 2100, 10, 4, 2096, 363
0.18, 0.02, 2106, 10, 4, 2100, 360
0.18, 0.02, 2110, 10, 4, 2106, 363
0.18, 0.02, 2114, 10, 4, 2110, 361
0.18, 0.02, 2118, 10, 4, 2114, 370
0.18, 0.02, 2122, 10, 4, 2118, 373
0.24, 0.02, 2126, 10, 4, 2122, 382
0.18, 0.02, 2132, 10, 4, 2126, 385
0.18, 0.02, 2136, 10, 4, 2132, 391
0.18, 0.02, 2140, 10, 4, 2136, 384
0.24, 0.02, 2144, 10, 4, 2140, 378
0.18, 0.02, 2150, 10, 4, 2144, 372
0.18, 0.02, 2154, 10, 4, 2150, 366
0.18, 0.02, 2158, 10, 4, 2154, 364
0.18, 0.02, 2162, 10, 4, 2158, 368
0.24, 0.02, 2166, 10, 4, 2162, 373
0.18, 0.02, 2172, 10, 4, 2166, 367
0.24, 0.02, 2176, 10, 4, 2172, 370
0.18, 0.02, 2182, 10, 4, 2176, 368
0.24, 0.02, 2186, 10, 4, 2182, 371
0.18, 0.02, 2192, 10, 4, 2186, 371
0.18, 0.02, 2196, 10, 4, 2192, 376
0.18, 0.02, 2200, 10, 4, 2196, 374
0.24, 0.02, 2204, 10, 4, 2200, 367
0.18, 0.02, 2210, 10, 4, 2204, 366
0.18, 0.02, 2214, 10, 4, 2210, 372
0.24, 0.02, 2218, 10, 4, 2214, 387
0.18, 0.02, 2224, 10, 4, 2218, 406
0.24, 0.02, 2229, 10, 4, 2224, 416
0.24, 0.02, 2235, 10, 4, 2229, 408
0.18, 0.02, 2241, 10, 4, 2235, 407
0.24, 0.02, 2246, 10, 4, 2241, 412
0.18, 0.02, 2252, 10, 4, 2246, 416
0.3, 0.02, 2257, 10, 4, 2252, 427
0.18, 0.02, 2264, 10, 4, 2257, 427
0.24, 0.02, 2269, 10, 4, 2264, 423
0.24, 0.02, 2275, 10, 4, 2269, 433
0.18, 0.02, 2281, 10, 4, 2275, 432
0.24, 0.02, 2286, 10, 4, 2281, 432
0.18, 0.02, 2292, 10, 4, 2286, 431
0.24, 0.02, 2297, 10, 4, 2292, 435
0.18, 0.02, 2303, 10, 4, 2297, 435
0.24, 0.02, 2308, 10, 4, 2303, 431
0.18, 0.02, 2314, 10, 4, 2308, 435
0.3, 0.02, 2319, 10, 4, 2314, 429
0.18, 0.02, 2326, 10, 4, 2319, 433
0.24, 0.02, 2331, 10, 4, 2326, 433
0.18, 0.02, 2337, 10, 4, 2331, 424
0.18, 0.02, 2342, 10, 4, 2337, 430
0.24, 0.02, 2347, 10, 4, 2342, 433
0.18, 0.02, 2353, 10, 4, 2347, 457
0.24, 0.02, 2358, 10, 4, 2353, 461
0.24, 0.02, 2364, 10, 4, 2358, 464
0.18, 0.02, 2370, 10, 4, 2364, 468
0.24, 0.02, 2375, 10, 4, 2370, 461
0.24, 0.02, 2381, 10, 4, 2375, 468
0.18, 0.02, 2387, 10, 4, 2381, 477
0.24, 0.02, 2392, 10, 4, 2387, 476
0.24, 0.02, 2398, 10, 4, 2392, 487
0.18, 0.02, 2404, 10, 4, 2398, 484
0.24, 0.02, 2409, 10, 4, 2404, 482
0.24, 0.02, 2415, 10, 4, 2409, 489
0.24, 0.02, 2421, 10, 4, 2415, 486
0.24, 0.02, 2427, 10, 4, 2421, 479
0.24, 0.02, 2433, 10, 4, 2427, 476
0.18, 0.02, 2439, 10, 4, 2433, 475
0.24, 0.02, 2444, 10, 4, 2439, 479
0.24, 0.02, 2450, 10, 4, 2444, 482
0.24, 0.02, 2456, 10, 4, 2450, 491
0.18, 0.02, 2462, 10, 4, 2456, 504
0.3, 0.02, 2467, 10, 4, 2462, 499
0.24, 0.02, 2475, 10, 4, 2467, 512
0.24, 0.02, 2481, 10, 4, 2475, 497
0.24, 0.02, 2487, 10, 4, 2481, 508
0.24, 0.02, 2493, 10, 4, 2487, 502
0.24, 0.02, 2499, 10, 4, 2493, 505
0.24, 0.02, 2505, 10, 4, 2499, 513
0.24, 0.02, 2512, 10, 4, 2505, 502
0.3, 0.02, 2519, 10, 4, 2512, 510
0.24, 0.02, 2527, 10, 4, 2519, 497
0.18, 0.02, 2534, 10, 4, 2527, 503
0.24, 0.02, 2539, 10, 4, 2534, 497
0.24, 0.02, 2546, 10, 4, 2539, 489
0.24, 0.02, 2553, 10, 4, 2546, 487
0.24, 0.02, 2560, 10, 4, 2553, 496
0.24, 0.02, 2567, 10, 4, 2560, 494
0.24, 0.02, 2574, 10, 4, 2567, 499
0.24, 0.02, 2581, 10, 4, 2574, 501
0.24, 0.02, 2588, 10, 4, 2581, 507
0.24, 0.02, 2595, 10, 4, 2588, 515
0.24, 0.02, 2602, 10, 4, 2595, 521
0.24, 0.02, 2609, 10, 4, 2602, 522
0.3, 0.02, 2616, 10, 4, 2609, 529
0.24, 0.02, 2624, 10, 4, 2616, 526
0.24, 0.02, 2631, 10, 4, 2624, 533
0.24, 0.02, 2638, 10, 4, 2631, 534
0.24, 0.02, 2645, 10, 4, 2638, 537
0.24, 0.02, 2652, 10, 4, 2645, 538
0.24, 0.02, 2659, 10, 4, 2652, 538
0.24, 0.02, 2666, 10, 4, 2659, 522
0.3, 0.02, 2673, 10, 4, 2666, 524
0.24, 0.02, 2682, 10, 4, 2673, 512
0.24, 0.02, 2689, 10, 4, 2682, 523
0.24, 0.02, 2696, 10, 4, 2689, 529
0.3, 0.02, 2703, 10, 4, 2696, 532
0.24, 0.02, 2712, 10, 4, 2703, 524
0.24, 0.02, 2719, 10, 4, 2712, 504
0.24, 0.02, 2726, 10, 4, 2719, 511
0.3, 0.02, 2726, 10, 4, 2726, 514
0.24, 0.02, 2726, 10, 4, 2726, 517
0.3, 0.02, 2726, 10, 4, 2726, 505
0.24, 0.02, 2726, 10, 4, 2726, 520
0.24, 0.02, 2726, 10, 4, 2726, 518
0.3, 0.02, 2726, 10, 4, 2726, 523
0.24, 0.02, 2726, 10, 4, 2726, 515
0.24, 0.02, 2726, 10, 4, 2726, 520
0.24, 0.02, 2726, 10, 4, 2726, 528
0.24, 0.02, 2726, 10, 4, 2726, 532
0.3, 0.02, 2726, 10, 4, 2726, 523
0.24, 0.02, 2726, 10, 4, 2726, 514
0.24, 0.02, 2726, 10, 4, 2726, 531
0.24, 0.02, 2726, 10, 4, 2726, 537
0.24, 0.02, 2726, 10, 4, 2726, 539
0.24, 0.02, 2726, 10, 4, 2726, 540
0.24, 0.02, 2726, 10, 4, 2726, 544
0.24, 0.02, 2726, 10, 4, 2726, 549
0.3, 0.02, 2726, 10, 4, 2726, 542
0.24, 0.02, 2726, 10, 4, 2726, 560
0.24, 0.02, 2726, 10, 4, 2726, 575
0.24, 0.02, 2726, 10, 4, 2726, 569
0.24, 0.02, 2726, 10, 4, 2726, 572
0.24, 0.02, 2726, 10, 4, 2726, 578
0.24, 0.02, 2726, 10, 4, 2726, 566
0.3, 0.02, 2726, 10, 4, 2726, 558
0.24, 0.02, 2726, 10, 4, 2726, 556
0.24, 0.02, 2726, 10, 4, 2726, 558
0.3, 0.02, 2726, 10, 4, 2726, 570
0.24, 0.02, 2726, 10, 4, 2726, 570
0.24, 0.02, 2726, 10, 4, 2726, 568
0.3, 0.02, 2726, 10, 4, 2726, 555
0.24, 0.02, 2726, 10, 4, 2726, 562
0.36, 0.02, 2726, 10, 4, 2726, 562
0.24, 0.02, 2726, 10, 4, 2726, 553
0.3, 0.02, 2726, 10, 4, 2726, 558
0.24, 0.02, 2726, 10, 4, 2726, 567
0.24, 0.02, 2726, 10, 4, 2726, 569
0.24, 0.02, 2726, 10, 4, 2726, 568
0.24, 0.02, 2726, 10, 4, 2726, 568
0.24, 0.02, 2726, 10, 4, 2726, 567
0.3, 0.02, 2726, 10, 4, 2726, 563
0.24, 0.02, 2726, 10, 4, 2726, 564
0.24, 0.02, 2726, 10, 4, 2726, 565
0.3, 0.02, 2726, 10, 4, 2726, 558
0.24, 0.02, 2726, 10, 4, 2726, 561
0.24, 0.02, 2726, 10, 4, 2726, 573
0.24, 0.02, 2726, 10, 4, 2726, 578
0.24, 0.02, 2726, 10, 4, 2726, 579
0.3, 0.02, 2726, 10, 4, 2726, 575
0.24, 0.02, 2726, 10, 4, 2726, 583
0.24, 0.02, 2726, 10, 4, 2726, 580
0.24, 0.02, 2726, 10, 4, 2726, 578
0.3, 0.02, 2726, 10, 4, 2726, 574
0.24, 0.02, 2726, 10, 4, 2726, 579
0.3, 0.02, 2726, 10, 4, 2726, 578
0.24, 0.02, 2726, 10, 4, 2726, 595
0.3, 0.02, 2726, 10, 4, 2726, 606
0.24, 0.02, 2726, 10, 4, 2726, 610
0.3, 0.02, 2726, 10, 4, 2726, 603
0.24, 0.02, 2726, 10, 4, 2726, 593
0.24, 0.02, 2726, 10, 4, 2726, 577
0.3, 0.02, 2726, 10, 4, 2726, 580
0.24, 0.02, 2726, 10, 4, 2726, 569
0.3, 0.02, 2726, 10, 4, 2726, 568
0.24, 0.02, 2726, 10, 4, 2726, 575
0.24, 0.02, 2726, 10, 4, 2726, 583
0.3, 0.02, 2726, 10, 4, 2726, 591
0.24, 0.02, 2726, 10, 4, 2726, 587
0.24, 0.02, 2726, 10, 4, 2726, 569
0.3, 0.02, 2726, 10, 4, 2726, 573
0.24, 0.02, 2726, 10, 4, 2726, 591
0.3, 0.02, 2726, 10, 4, 2726, 572
0.24, 0.02, 2726, 10, 4, 2726, 575
0.24, 0.02, 2726, 10, 4, 2726, 569
0.24, 0.02, 2726, 10, 4, 2726, 570
0.3, 0.02, 2726, 10, 4, 2726, 573
0.24, 0.02, 2726, 10, 4, 2726, 559
0.24, 0.02, 2726, 10, 4, 2726, 566
0.36, 0.02, 2726, 10, 4, 2726, 574
0.3, 0.02, 2726, 10, 4, 2726, 584
0.3, 0.02, 2726, 10, 4, 2726, 582
0.24, 0.02, 2726, 10, 4, 2726, 570
0.3, 0.02, 2726, 10, 4, 2726, 558
0.24, 0.02, 2726, 10, 4, 2726, 546
0.3, 0.02, 2726, 10, 4, 2726, 560
0.3, 0.02, 2726, 10, 4, 2726, 565
0.24, 0.02, 2726, 10, 4, 2726, 567
0.24, 0.02, 2726, 10, 4, 2726, 568
0.24, 0.02, 2726, 10, 4, 2726, 565
0.24, 0.02, 2726, 10, 4, 2726, 551
0.3, 0.02, 2726, 10, 4, 2726, 539
0.24, 0.02, 2726, 10, 4, 2726, 543
0.24, 0.02, 2726, 10, 4, 2726, 545
0.24, 0.02, 2726, 10, 4, 2726, 537
0.24, 0.02, 2726, 10, 4, 2726, 540
0.3, 0.02, 2726, 10, 4, 2726, 546
0.24, 0.02, 2726, 10, 4, 2726, 546
0.24, 0.02, 2726, 10, 4, 2726, 555
0.24, 0.02, 2726, 10, 4, 2726, 551
0.3, 0.02, 2726, 10, 4, 2726, 547
0.3, 0.02, 2735, 10, 4, 2726, 538
0.24, 0.02, 2744, 10, 4, 2735, 549
0.24, 0.02, 2751, 10, 4, 2744, 554
0.3, 0.02, 2758, 10, 4, 2751, 544
0.24, 0.02, 2767, 10, 4, 2758, 560
0.24, 0.02, 2774, 10, 4, 2767, 572
0.24, 0.02, 2781, 10, 4, 2774, 576
0.3, 0.02, 2788, 10, 4, 2781, 579
0.24, 0.02, 2797, 10, 4, 2788, 570
0.24, 0.02, 2804, 10, 4, 2797, 568
0.3, 0.02, 2811, 10, 4, 2804, 563
0.24, 0.02, 2820, 10, 4, 2811, 567
0.24, 0.02, 2827, 10, 4, 2820, 574
0.3, 0.02, 2834, 10, 4, 2827, 584
0.24, 0.02, 2843, 10, 4, 2834, 600
0.24, 0.02, 2850, 10, 4, 2843, 597
0.3, 0.02, 2857, 10, 4, 2850, 596
0.24, 0.02, 2866, 10, 4, 2857, 592
0.3, 0.02, 2873, 10, 4, 2866, 582
0.24, 0.02, 2882, 10, 4, 2873, 573
0.3, 0.02, 2889, 10, 4, 2882, 579
0.24, 0.02, 2898, 10, 4, 2889, 578
0.3, 0.02, 2905, 10, 4, 2898, 583
0.3, 0.02, 2914, 10, 4, 2905, 582
0.3, 0.02, 2923, 10, 4, 2914, 583
0.3, 0.02, 2932, 10, 4, 2923, 582
0.3, 0.02, 2941, 10, 4, 2932, 576
0.36, 0.02, 2950, 10, 4, 2941, 591
0.3, 0.02, 2961, 10, 4, 2950, 586
0.3, 0.02, 2970, 10, 4, 2961, 598
0.3, 0.02, 2979, 10, 4, 2970, 595
0.24, 0.02, 2988, 10, 4, 2979, 610
0.3, 0.02, 2996, 10, 4, 2988, 597
0.3, 0.02, 3005, 10, 4, 2996, 607
0.3, 0.02, 3015, 10, 4, 3005, 612
0.3, 0.02, 3025, 10, 4, 3015, 615
0.36, 0.02, 3035, 10, 4, 3025, 615
0.3, 0.02, 3046, 10, 4, 3035, 618
0.3, 0.02, 3056, 10, 4, 3046, 610
0.3, 0.02, 3066, 10, 4, 3056, 614
0.24, 0.02, 3076, 10, 4, 3066, 621
0.36, 0.02, 3084, 10, 4, 3076, 627
0.24, 0.02, 3096, 10, 4, 3084, 623
0.3, 0.02, 3104, 10, 4, 3096, 630
0.3, 0.02, 3114, 10, 4, 3104, 641
0.3, 0.02, 3124, 10, 4, 3114, 654
0.3, 0.02, 3134, 10, 4, 3124, 661
0.3, 0.02, 3144, 10, 4, 3134, 657
0.3, 0.02, 3154, 10, 4, 3144, 656
0.3, 0.02, 3164, 10, 4, 3154, 661
0.3, 0.02, 3174, 10, 4, 3164, 677
0.3, 0.02, 3184, 10, 4, 3174, 685
0.3, 0.02, 3194, 10, 4, 3184, 678
0.36, 0.02, 3204, 10, 4, 3194, 691
0.3, 0.02, 3216, 10, 4, 3204, 717
0.36, 0.02, 3226, 10, 4, 3216, 707
0.3, 0.02, 3238, 10, 4, 3226, 724
0.36, 0.02, 3248, 10, 4, 3238, 731
0.3, 0.02, 3260, 10, 4, 3248, 729
0.3, 0.02, 3270, 10, 4, 3260, 733
0.36, 0.02, 3280, 10, 4, 3270, 736
0.3, 0.02, 3292, 10, 4, 3280, 753
0.36, 0.02, 3302, 10, 4, 3292, 759
0.3, 0.02, 3314, 10, 4, 3302, 763
0.36, 0.02, 3324, 10, 4, 3314, 768
0.36, 0.02, 3336, 10, 4, 3324, 766
0.36, 0.02, 3349, 10, 4, 3336, 762
0.36, 0.02, 3362, 10, 4, 3349, 749
0.36, 0.02, 3375, 10, 4, 3362, 743
0.36, 0.02, 3388, 10, 4, 3375, 729
0.36, 0.02, 3401, 10, 4, 3388, 753
0.36, 0.02, 3414, 10, 4, 3401, 759
0.36, 0.02, 3427, 10, 4, 3414, 781
0.36, 0.02, 3440, 10, 4, 3427, 788
0.36, 0.02, 3453, 10, 4, 3440, 771
0.36, 0.02, 3466, 10, 4, 3453, 771
0.36, 0.02, 3479, 10, 4, 3466, 780
0.36, 0.02, 3492, 10, 4, 3479, 776
0.36, 0.02, 3505, 10, 4, 3492, 776
0.3, 0.02, 3518, 10, 4, 3505, 775
0.36, 0.02, 3529, 10, 4, 3518, 760
0.36, 0.02, 3542, 10, 4, 3529, 745
0.36, 0.02, 3555, 10, 4, 3542, 758
0.42, 0.02, 3568, 10, 4, 3555, 767
0.42, 0.02, 3583, 10, 4, 3568, 762
0.36, 0.02, 3599, 10, 4, 3583, 772
0.3, 0.02, 3612, 10, 4, 3599, 774
0.36, 0.02, 3623, 10, 4, 3612, 760
0.36, 0.02, 3637, 10, 4, 3623, 747
0.36, 0.02, 3651, 10, 4, 3637, 728
0.36, 0.02, 3665, 10, 4, 3651, 732
0.36, 0.02, 3679, 10, 4, 3665, 737
0.36, 0.02, 3693, 10, 4, 3679, 755
0.42, 0.02, 3707, 10, 4, 3693, 773
0.36, 0.02, 3723, 10, 4, 3707, 785
0.36, 0.02, 3737, 10, 4, 3723, 802
0.42, 0.02, 3751, 10, 4, 3737, 799
0.42, 0.02, 3767, 10, 4, 3751, 824
0.48, 0.02, 3783, 10, 4, 3767, 843
0.42, 0.02, 3802, 10, 4, 3783, 846
0.42, 0.02, 3818, 10, 4, 3802, 849
0.42, 0.02, 3818, 10, 4, 3818, 839
0.36, 0.02, 3818, 10, 4, 3818, 835
0.42, 0.02, 3818, 10, 4, 3818, 844
0.36, 0.02, 3818, 10, 4, 3818, 842
0.42, 0.02, 3818, 10, 4, 3818, 832
0.42, 0.02, 3818, 10, 4, 3818, 843
0.36, 0.02, 3818, 10, 4, 3818, 843
0.36, 0.02, 3818, 10, 4, 3818, 833
0.36, 0.02, 3818, 10, 4, 3818, 826
0.36, 0.02, 3818, 10, 4, 3818, 819
0.42, 0.02, 3818, 10, 4, 3818, 817
0.42, 0.02, 3818, 10, 4, 3818, 795
0.36, 0.02, 3818, 10, 4, 3818, 794
0.36, 0.02, 3818, 10, 4, 3818, 806
0.36, 0.02, 3818, 10, 4, 3818, 794
0.42, 0.02, 3818, 10, 4, 3818, 808
0.42, 0.02, 3818, 10, 4, 3818, 789
0.36, 0.02, 3818, 10, 4, 3818, 797
0.42, 0.02, 3818, 10, 4, 3818, 824
0.36, 0.02, 3818, 10, 4, 3818, 825
0.42, 0.02, 3818, 10, 4, 3818, 836
0.42, 0.02, 3818, 10, 4, 3818, 862
0.36, 0.02, 3818, 10, 4, 3818, 869
0.42, 0.02, 3818, 10, 4, 3818, 876
0.36, 0.02, 3818, 10, 4, 3818, 873
0.42, 0.02, 3818, 10, 4, 3818, 896
0.42, 0.02, 3818, 10, 4, 3818, 904
0.42, 0.02, 3818, 10, 4, 3818, 907
0.48, 0.02, 3818, 10, 4, 3818, 907
0.42, 0.02, 3818, 10, 4, 3818, 901
0.42, 0.02, 3818, 10, 4, 3818, 903
0.42, 0.02, 3818, 10, 4, 3818, 886
0.42, 0.02, 3818, 10, 4, 3818, 876
0.42, 0.02, 3818, 10, 4, 3818, 868
0.42, 0.02, 3818, 10, 4, 3818, 870
0.48, 0.02, 3818, 10, 4, 3818, 896
0.42, 0.02, 3818, 10, 4, 3818, 883
0.42, 0.02, 3818, 10, 4, 3818, 886
0.36, 0.02, 3818, 10, 4, 3818, 910
0.42, 0.02, 3818, 10, 4, 3818, 892
0.42, 0.02, 3818, 10, 4, 3818, 879
0.36, 0.02, 3818, 10, 4, 3818, 898
0.42, 0.02, 3818, 10, 4, 3818, 883
0.42, 0.02, 3818, 10, 4, 3818, 895
0.36, 0.02, 3818, 10, 4, 3818, 892
0.42, 0.02, 3818, 10, 4, 3818, 905
0.42, 0.02, 3818, 10, 4, 3818, 895
0.36, 0.02, 3818, 10, 4, 3818, 885
0.42, 0.02, 3818, 10, 4, 3818, 890
0.36, 0.02, 3818, 10, 4, 3818, 882
0.42, 0.02, 3818, 10, 4, 3818, 854
0.42, 0.02, 3818, 10, 4, 3818, 855
0.36, 0.02, 3818, 10, 4, 3818, 854
0.42, 0.02, 3818, 10, 4, 3818, 852
0.42, 0.02, 3818, 10, 4, 3818, 853
0.36, 0.02, 3818, 10, 4, 3818, 855
0.42, 0.02, 3818, 10, 4, 3818, 854
0.42, 0.02, 3818, 10, 4, 3818, 859
0.42, 0.02, 3818, 10, 4, 3818, 845
0.42, 0.02, 3818, 10, 4, 3818, 843
0.42, 0.02, 3818, 10, 4, 3818, 856
0.42, 0.02, 3818, 10, 4, 3818, 851
0.42, 0.02, 3818, 10, 4, 3818, 872
0.42, 0.02, 3818, 10, 4, 3818, 868
0.36, 0.02, 3818, 10, 4, 3818, 869
0.36, 0.02, 3818, 10, 4, 3818, 865
0.42, 0.02, 3818, 10, 4, 3818, 872
0.42, 0.02, 3818, 10, 4, 3818, 873
0.36, 0.02, 3818, 10, 4, 3818, 863
0.42, 0.02, 3818, 10, 4, 3818, 851
0.36, 0.02, 3818, 10, 4, 3818, 859
0.42, 0.02, 3818, 10, 4, 3818, 865
0.42, 0.02, 3818, 10, 4, 3818, 873
0.36, 0.02, 3818, 10, 4, 3818, 873
0.42, 0.02, 3818, 10, 4, 3818, 894
0.42, 0.02, 3818, 10, 4, 3818, 888
0.42, 0.02, 3818, 10, 4, 3818, 873
0.36, 0.02, 3818, 10, 4, 3818, 848
0.36, 0.02, 3818, 10, 4, 3818, 850
0.36, 0.02, 3818, 10, 4, 3818, 842
0.42, 0.02, 3818, 10, 4, 3818, 861
0.36, 0.02, 3818, 10, 4, 3818, 874
0.42, 0.02, 3818, 10, 4, 3818, 880
0.36, 0.02, 3818, 10, 4, 3818, 856
0.42, 0.02, 3818, 10, 4, 3818, 865
0.36, 0.02, 3818, 10, 4, 3818, 862
0.36, 0.02, 3818, 10, 4, 3818, 848
0.42, 0.02, 3818, 10, 4, 3818, 842
0.42, 0.02, 3818, 10, 4, 3818, 851
0.42, 0.02, 3818, 10, 4, 3818, 858
0.36, 0.02, 3818, 10, 4, 3818, 860
0.42, 0.02, 3818, 10, 4, 3818, 876
0.36, 0.02, 3818, 10, 4, 3818, 871
0.42, 0.02, 3818, 10, 4, 3818, 868
0.42, 0.02, 3835, 10, 4, 3818, 889
0.42, 0.02, 3852, 10, 4, 3835, 901
0.36, 0.02, 3869, 10, 4, 3852, 907
0.42, 0.02, 3883, 10, 4, 3869, 899
0.42, 0.02, 3900, 10, 4, 3883, 898
0.36, 0.02, 3917, 10, 4, 3900, 917
0.42, 0.02, 3932, 10, 4, 3917, 939
0.42, 0.02, 3949, 10, 4, 3932, 932
0.42, 0.02, 3966, 10, 4, 3949, 934
0.42, 0.02, 3983, 10, 4, 3966, 935
0.42, 0.02, 4000, 10, 4, 3983, 946
0.36, 0.02, 4017, 10, 4, 4000, 968
0.42, 0.02, 4032, 10, 4, 4017, 958
0.42, 0.02, 4049, 10, 4, 4032, 960
0.42, 0.02, 4067, 10, 4, 4049, 957
0.36, 0.02, 4085, 10, 4, 4067, 947
0.42, 0.02, 4100, 10, 4, 4085, 951
0.36, 0.02, 4118, 10, 4, 4100, 952
0.42, 0.02, 4133, 10, 4, 4118, 961
0.42, 0.02, 4151, 10, 4, 4133, 956
0.42, 0.02, 4169, 10, 4, 4151, 960
0.42, 0.02, 4187, 10, 4, 4169, 977
0.42, 0.02, 4205, 10, 4, 4187, 957
0.42, 0.02, 4223, 10, 4, 4205, 940
0.48, 0.02, 4241, 10, 4, 4223, 944
0.48, 0.02, 4262, 10, 4, 4241, 963
0.48, 0.02, 4283, 10, 4, 4262, 974
0.48, 0.02, 4304, 10, 4, 4283, 986
0.48, 0.02, 4325, 10, 4, 4304, 978
0.54, 0.02, 4346, 10, 4, 4325, 982
0.48, 0.02, 4370, 10, 4, 4346, 989
0.48, 0.02, 4391, 10, 4, 4370, 995
0.42, 0.02, 4413, 10, 4, 4391, 1003
0.48, 0.02, 4432, 10, 4, 4413, 1033
0.48, 0.02, 4454, 10, 4, 4432, 1027
0.48, 0.02, 4476, 10, 4, 4454, 1029
0.48, 0.02, 4498, 10, 4, 4476, 1035
0.48, 0.02, 4520, 10, 4, 4498, 1029
0.48, 0.02, 4542, 10, 4, 4520, 1022
0.48, 0.02, 4564, 10, 4, 4542, 1029
0.48, 0.02, 4586, 10, 4, 4564, 1026
0.54, 0.02, 4609, 10, 4, 4586, 1063
0.48, 0.02, 4634, 10, 4, 4609, 1059
0.48, 0.02, 4657, 10, 4, 4634, 1072
0.48, 0.02, 4680, 10, 4, 4657, 1075
0.48, 0.02, 4703, 10, 4, 4680, 1098
0.54, 0.02, 4726, 10, 4, 4703, 1089
0.54, 0.02, 4752, 10, 4, 4726, 1136
0.54, 0.02, 4778, 10, 4, 4752, 1153
0.6, 0.02, 4804, 10, 4, 4778, 1144
0.6, 0.02, 4833, 10, 4, 4804, 1149
0.54, 0.02, 4862, 10, 4, 4833, 1161
0.6, 0.02, 4889, 10, 4, 4862, 1179
0.6, 0.02, 4919, 10, 4, 4889, 1191
0.6, 0.02, 4949, 10, 4, 4919, 1188
0.6, 0.02, 4949, 10, 4, 4949, 1169
0.54, 0.02, 4949, 10, 4, 4949, 1156
0.54, 0.02, 4949, 10, 4, 4949, 1181
0.54, 0.02, 4949, 10, 4, 4949, 1177
0.6, 0.02, 4949, 10, 4, 4949, 1172
0.54, 0.02, 4949, 10, 4, 4949, 1181
0.6, 0.02, 4949, 10, 4, 4949, 1165
0.54, 0.02, 4949, 10, 4, 4949, 1190
0.54, 0.02, 4949, 10, 4, 4949, 1167
0.6, 0.02, 4949, 10, 4, 4949, 1194
0.54, 0.02, 4949, 10, 4, 4949, 1212
0.54, 0.02, 4949, 10, 4, 4949, 1187
0.54, 0.02, 4949, 10, 4, 4949, 1187
0.6, 0.02, 4949, 10, 4, 4949, 1184
0.6, 0.02, 4949, 10, 4, 4949, 1196
0.6, 0.02, 4949, 10, 4, 4949, 1204
0.54, 0.02, 4949, 10, 4, 4949, 1198
0.6, 0.02, 4949, 10, 4, 4949, 1183
0.54, 0.02, 4949, 10, 4, 4949, 1171
0.6, 0.02, 4949, 10, 4, 4949, 1172
0.54, 0.02, 4949, 10, 4, 4949, 1190
0.6, 0.02, 4949, 10, 4, 4949, 1202
0.54, 0.02, 4949, 10, 4, 4949, 1204
0.6, 0.02, 4949, 10, 4, 4949, 1221
0.6, 0.02, 4949, 10, 4, 4949, 1207
0.6, 0.02, 4949, 10, 4, 4949, 1209
0.6, 0.02, 4949, 10, 4, 4949, 1196
0.6, 0.02, 4949, 10, 4, 4949, 1182
0.54, 0.02, 4949, 10, 4, 4949, 1183
0.6, 0.02, 4949, 10, 4, 4949, 1187
0.54, 0.02, 4949, 10, 4, 4949, 1190
0.6, 0.02, 4949, 10, 4, 4949, 1212
0.54, 0.02, 4949, 10, 4, 4949, 1205
0.54, 0.02, 4949, 10, 4, 4949, 1180
0.6, 0.02, 4949, 10, 4, 4949, 1199
0.6, 0.02, 4949, 10, 4, 4949, 1202
0.6, 0.02, 4949, 10, 4, 4949, 1217
0.54, 0.02, 4949, 10, 4, 4949, 1227
0.6, 0.02, 4949, 10, 4, 4949, 1210
0.6, 0.02, 4949, 10, 4, 4949, 1199
0.54, 0.02, 4949, 10, 4, 4949, 1170
0.54, 0.02, 4949, 10, 4, 4949, 1198
0.54, 0.02, 4949, 10, 4, 4949, 1198
0.6, 0.02, 4949, 10, 4, 4949, 1203
0.48, 0.02, 4949, 10, 4, 4949, 1182
0.54, 0.02, 4949, 10, 4, 4949, 1214
0.54, 0.02, 4949, 10, 4, 4949, 1227
0.54, 0.02, 4949, 10, 4, 4949, 1229
0.6, 0.02, 4949, 10, 4, 4949, 1223
0.54, 0.02, 4949, 10, 4, 4949, 1222
0.6, 0.02, 4949, 10, 4, 4949, 1204
0.6, 0.02, 4949, 10, 4, 4949, 1215
0.6, 0.02, 4949, 10, 4, 4949, 1203
0.54, 0.02, 4949, 10, 4, 4949, 1210
0.6, 0.02, 4949, 10, 4, 4949, 1239
0.6, 0.02, 4949, 10, 4, 4949, 1237
0.6, 0.02, 4949, 10, 4, 4949, 1213
0.6, 0.02, 4949, 10, 4, 4949, 1182
0.54, 0.02, 4949, 10, 4, 4949, 1185
0.6, 0.02, 4949, 10, 4, 4949, 1177
0.6, 0.02, 4949, 10, 4, 4949, 1180
0.6, 0.02, 4979, 10, 4, 4949, 1216
0.66, 0.02, 5009, 10, 4, 4979, 1229
0.6, 0.02, 5043, 10, 4, 5009, 1246
0.6, 0.02, 5074, 10, 4, 5043, 1246
0.6, 0.02, 5105, 10, 4, 5074, 1272
0.6, 0.02, 5136, 10, 4, 5105, 1281
0.6, 0.02, 5167, 10, 4, 5136, 1315
0.66, 0.02, 5199, 10, 4, 5167, 1318
0.6, 0.02, 5234, 10, 4, 5199, 1327
0.6, 0.02, 5266, 10, 4, 5234, 1309
0.6, 0.02, 5298, 10, 4, 5266, 1299
0.66, 0.02, 5330, 10, 4, 5298, 1319
0.6, 0.02, 5366, 10, 4, 5330, 1316
0.66, 0.02, 5399, 10, 4, 5366, 1311
0.66, 0.02, 5435, 10, 4, 5399, 1321
0.6, 0.02, 5471, 10, 4, 5435, 1327
0.72, 0.02, 5504, 10, 4, 5471, 1323
0.66, 0.02, 5544, 10, 4, 5504, 1379
0.66, 0.02, 5581, 10, 4, 5544, 1391
0.66, 0.02, 5618, 10, 4, 5581, 1413
0.72, 0.02, 5656, 10, 4, 5618, 1434
0.66, 0.02, 5697, 10, 4, 5656, 1445
0.72, 0.02, 5735, 10, 4, 5697, 1462
0.72, 0.02, 5777, 10, 4, 5735, 1473
0.66, 0.02, 5819, 10, 4, 5777, 1477
0.72, 0.02, 5858, 10, 4, 5819, 1474
0.78, 0.02, 5858, 10, 4, 5858, 1484
0.66, 0.02, 5858, 10, 4, 5858, 1497
0.78, 0.02, 5858, 10, 4, 5858, 1493
0.78, 0.02, 5858, 10, 4, 5858, 1472
0.72, 0.02, 5858, 10, 4, 5858, 1516
0.72, 0.02, 5858, 10, 4, 5858, 1488
0.72, 0.02, 5858, 10, 4, 5858, 1477
0.72, 0.02, 5858, 10, 4, 5858, 1484
0.84, 0.02, 5858, 10, 4, 5858, 1468
0.78, 0.02, 5858, 10, 4, 5858, 1485
0.72, 0.02, 5858, 10, 4, 5858, 1525
0.72, 0.02, 5858, 10, 4, 5858, 1478
0.72, 0.02, 5858, 10, 4, 5858, 1468
0.84, 0.02, 5858, 10, 4, 5858, 1477
0.72, 0.02, 5858, 10, 4, 5858, 1468
0.72, 0.02, 5858, 10, 4, 5858, 1455
0.72, 0.02, 5858, 10, 4, 5858, 1459
0.72, 0.02, 5858, 10, 4, 5858, 1444
0.72, 0.02, 5858, 10, 4, 5858, 1423
0.66, 0.02, 5858, 10, 4, 5858, 1412
0.72, 0.02, 5858, 10, 4, 5858, 1414
0.72, 0.02, 5858, 10, 4, 5858, 1457
0.66, 0.02, 5858, 10, 4, 5858, 1500
0.72, 0.02, 5858, 10, 4, 5858, 1491
0.78, 0.02, 5858, 10, 4, 5858, 1500
0.78, 0.02, 5858, 10, 4, 5858, 1543
0.72, 0.02, 5858, 10, 4, 5858, 1545
0.72, 0.02, 5858, 10, 4, 5858, 1523
0.78, 0.02, 5858, 10, 4, 5858, 1529
0.72, 0.02, 5858, 10, 4, 5858, 1529
0.72, 0.02, 5858, 10, 4, 5858, 1501
0.66, 0.02, 5858, 10, 4, 5858, 1499
0.72, 0.02, 5858, 10, 4, 5858, 1485
0.66, 0.02, 5858, 10, 4, 5858, 1477
0.66, 0.02, 5858, 10, 4, 5858, 1487
0.66, 0.02, 5858, 10, 4, 5858, 1489
0.66, 0.02, 5858, 10, 4, 5858, 1495
0.72, 0.02, 5858, 10, 4, 5858, 1511
0.72, 0.02, 5858, 10, 4, 5858, 1516
0.72, 0.02, 5858, 10, 4, 5858, 1547
0.72, 0.02, 5858, 10, 4, 5858, 1514
0.72, 0.02, 5858, 10, 4, 5858, 1471
0.72, 0.02, 5858, 10, 4, 5858, 1495
0.78, 0.02, 5858, 10, 4, 5858, 1510
0.72, 0.02, 5858, 10, 4, 5858, 1556
0.72, 0.02, 5858, 10, 4, 5858, 1577
0.72, 0.02, 5858, 10, 4, 5858, 1547
0.78, 0.02, 5858, 10, 4, 5858, 1531
0.72, 0.02, 5858, 10, 4, 5858, 1509
0.72, 0.02, 5858, 10, 4, 5858, 1513
0.72, 0.02, 5858, 10, 4, 5858, 1519
0.66, 0.02, 5858, 10, 4, 5858, 1522
0.72, 0.02, 5858, 10, 4, 5858, 1535
0.66, 0.02, 5858, 10, 4, 5858, 1539
0.72, 0.02, 5858, 10, 4, 5858, 1548
0.72, 0.02, 5858, 10, 4, 5858, 1547
0.66, 0.02, 5858, 10, 4, 5858, 1568
0.72, 0.02, 5858, 10, 4, 5858, 1564
0.72, 0.02, 5858, 10, 4, 5858, 1548
0.84, 0.02, 5858, 10, 4, 5858, 1535
0.78, 0.02, 5858, 10, 4, 5858, 1588
0.72, 0.02, 5858, 10, 4, 5858, 1595
0.9, 0.02, 5858, 10, 4, 5858, 1581
0.72, 0.02, 5858, 10, 4, 5858, 1584
0.78, 0.02, 5858, 10, 4, 5858, 1562
0.84, 0.02, 5858, 10, 4, 5858, 1593
0.66, 0.02, 5858, 10, 4, 5858, 1581
0.78, 0.02, 5897, 10, 4, 5858, 1570
0.84, 0.02, 5943, 10, 4, 5897, 1572
0.72, 0.02, 5993, 10, 4, 5943, 1567
0.84, 0.02, 6037, 10, 4, 5993, 1591
0.78, 0.02, 6088, 10, 4, 6037, 1593
0.78, 0.02, 6136, 10, 4, 6088, 1618
0.78, 0.02, 6184, 10, 4, 6136, 1629
0.78, 0.02, 6233, 10, 4, 6184, 1657
0.84, 0.02, 6282, 10, 4, 6233, 1691
0.84, 0.02, 6335, 10, 4, 6282, 1723
0.84, 0.02, 6389, 10, 4, 6335, 1744
0.9, 0.02, 6443, 10, 4, 6389, 1752
0.9, 0.02, 6501, 10, 4, 6443, 1773
0.84, 0.02, 6560, 10, 4, 6501, 1735
0.84, 0.02, 6616, 10, 4, 6560, 1764
0.9, 0.02, 6672, 10, 4, 6616, 1799
0.84, 0.02, 6733, 10, 4, 6672, 1834
0.9, 0.02, 6790, 10, 4, 6733, 1847
0.84, 0.02, 6852, 10, 4, 6790, 1851
0.9, 0.02, 6910, 10, 4, 6852, 1854
0.84, 0.02, 6973, 10, 4, 6910, 1890
0.9, 0.02, 7032, 10, 4, 6973, 1924
0.96, 0.02, 7096, 10, 4, 7032, 1897
1.02, 0.02, 7096, 10, 4, 7096, 1920
0.96, 0.02, 7096, 10, 4, 7096, 1914
0.9, 0.02, 7096, 10, 4, 7096, 1901
0.96, 0.02, 7096, 10, 4, 7096, 1898
1.02, 0.02, 7096, 10, 4, 7096, 1935
0.96, 0.02, 7096, 10, 4, 7096, 1933
0.96, 0.02, 7096, 10, 4, 7096, 1919
0.9, 0.02, 7096, 10, 4, 7096, 1849
0.9, 0.02, 7096, 10, 4, 7096, 1904
0.9, 0.02, 7096, 10, 4, 7096, 1931
0.9, 0.02, 7096, 10, 4, 7096, 1985
0.96, 0.02, 7096, 10, 4, 7096, 1972
0.96, 0.02, 7096, 10, 4, 7096, 1939
0.96, 0.02, 7096, 10, 4, 7096, 1933
0.9, 0.02, 7096, 10, 4, 7096, 1962
0.9, 0.02, 7096, 10, 4, 7096, 1984
0.96, 0.02, 7096, 10, 4, 7096, 1965
1.02, 0.02, 7096, 10, 4, 7096, 1980
0.96, 0.02, 7096, 10, 4, 7096, 1924
1.02, 0.02, 7096, 10, 4, 7096, 1925
0.96, 0.02, 7096, 10, 4, 7096, 1912
0.96, 0.02, 7096, 10, 4, 7096, 1931
0.96, 0.02, 7096, 10, 4, 7096, 1950
1.02, 0.02, 7096, 10, 4, 7096, 1979
1.02, 0.02, 7096, 10, 4, 7096, 1961
1.02, 0.02, 7096, 10, 4, 7096, 1934
0.96, 0.02, 7096, 10, 4, 7096, 1975
0.96, 0.02, 7096, 10, 4, 7096, 2016
0.96, 0.02, 7096, 10, 4, 7096, 2033
0.96, 0.02, 7096, 10, 4, 7096, 2015
0.9, 0.02, 7096, 10, 4, 7096, 2030
0.96, 0.02, 7096, 10, 4, 7096, 2022
0.96, 0.02, 7096, 10, 4, 7096, 2032
0.9, 0.02, 7096, 10, 4, 7096, 2039
0.96, 0.02, 7096, 10, 4, 7096, 2051
0.9, 0.02, 7096, 10, 4, 7096, 2031
0.96, 0.02, 7096, 10, 4, 7096, 2002
0.9, 0.02, 7096, 10, 4, 7096, 2019
1.08, 0.02, 7096, 10, 4, 7096, 2015
1.02, 0.02, 7096, 10, 4, 7096, 2034
0.96, 0.02, 7096, 10, 4, 7096, 2022
0.96, 0.02, 7096, 10, 4, 7096, 2001
1.02, 0.02, 7165, 10, 4, 7096, 2051
1.02, 0.02, 7239, 10, 4, 7165, 2076
0.96, 0.02, 7313, 10, 4, 7239, 2096
1.02, 0.02, 7384, 10, 4, 7313, 2100
1.02, 0.02, 7460, 10, 4, 7384, 2115
1.02, 0.02, 7537, 10, 4, 7460, 2130
0.96, 0.02, 7614, 10, 4, 7537, 2182
1.02, 0.02, 7688, 10, 4, 7614, 2204
1.2, 0.02, 7767, 10, 4, 7688, 2210
1.14, 0.02, 7861, 10, 4, 7767, 2182
1.2, 0.02, 7951, 10, 4, 7861, 2201
1.2, 0.02, 7951, 10, 4, 7951, 2274
1.08, 0.02, 7951, 10, 4, 7951, 2285
1.14, 0.02, 7951, 10, 4, 7951, 2290
1.2, 0.02, 7951, 10, 4, 7951, 2321
1.14, 0.02, 7951, 10, 4, 7951, 2274
1.14, 0.02, 7951, 10, 4, 7951, 2228
1.14, 0.02, 7951, 10, 4, 7951, 2216
1.08, 0.02, 7951, 10, 4, 7951, 2226
1.14, 0.02, 7951, 10, 4, 7951, 2294
1.14, 0.02, 7951, 10, 4, 7951, 2300
1.08, 0.02, 7951, 10, 4, 7951, 2350
1.14, 0.02, 7951, 10, 4, 7951, 2388
1.14, 0.02, 7951, 10, 4, 7951, 2344
1.08, 0.02, 7951, 10, 4, 7951, 2272
1.08, 0.02, 7951, 10, 4, 7951, 2235
1.08, 0.02, 7951, 10, 4, 7951, 2259
1.14, 0.02, 7951, 10, 4, 7951, 2311
1.14, 0.02, 7951, 10, 4, 7951, 2344
1.14, 0.02, 7951, 10, 4, 7951, 2290
1.26, 0.02, 7951, 10, 4, 7951, 2244
1.14, 0.02, 7951, 10, 4, 7951, 2258
1.14, 0.02, 7951, 10, 4, 7951, 2318
1.2, 0.02, 7951, 10, 4, 7951, 2304
1.14, 0.02, 7951, 10, 4, 7951, 2332
1.26, 0.02, 7951, 10, 4, 7951, 2419
1.2, 0.02, 7951, 10, 4, 7951, 2322
1.2, 0.02, 7951, 10, 4, 7951, 2360
1.2, 0.02, 7951, 10, 4, 7951, 2422
1.26, 0.02, 7951, 10, 4, 7951, 2368
1.26, 0.02, 8052, 10, 4, 7951, 2370
1.26, 0.02, 8154, 10, 4, 8052, 2389
1.26, 0.02, 8257, 10, 4, 8154, 2412
1.26, 0.02, 8362, 10, 4, 8257, 2444
1.26, 0.02, 8468, 10, 4, 8362, 2523
1.32, 0.02, 8575, 10, 4, 8468, 2514
1.32, 0.02, 8689, 10, 4, 8575, 2526
1.32, 0.02, 8804, 10, 4, 8689, 2587
1.38, 0.02, 8921, 10, 4, 8804, 2624
1.44, 0.02, 9045, 10, 4, 8921, 2642
1.38, 0.02, 9176, 10, 4, 9045, 2593
1.38, 0.02, 9303, 10, 4, 9176, 2655
1.44, 0.02, 9303, 10, 4, 9303, 2753
1.5, 0.02, 9303, 10, 4, 9303, 2727
1.5, 0.02, 9303, 10, 4, 9303, 2757
1.44, 0.02, 9303, 10, 4, 9303, 2792
1.5, 0.02, 9303, 10, 4, 9303, 2786
1.56, 0.02, 9303, 10, 4, 9303, 2791
1.56, 0.02, 9303, 10, 4, 9303, 2810
1.5, 0.02, 9303, 10, 4, 9303, 2791
1.56, 0.02, 9303, 10, 4, 9303, 2801
1.56, 0.02, 9303, 10, 4, 9303, 2849
1.5, 0.02, 9303, 10, 4, 9303, 2813
1.44, 0.02, 9303, 10, 4, 9303, 2706
1.5, 0.02, 9303, 10, 4, 9303, 2766
1.38, 0.02, 9303, 10, 4, 9303, 2801
1.56, 0.02, 9303, 10, 4, 9303, 2880
1.5, 0.02, 9303, 10, 4, 9303, 2819
1.5, 0.02, 9303, 10, 4, 9303, 2801
1.62, 0.02, 9303, 10, 4, 9303, 2875
1.5, 0.02, 9303, 10, 4, 9303, 2877
1.5, 0.02, 9303, 10, 4, 9303, 2873
1.5, 0.02, 9303, 10, 4, 9303, 2849
1.5, 0.02, 9303, 10, 4, 9303, 2829
1.5, 0.02, 9303, 10, 4, 9303, 2856
1.44, 0.02, 9303, 10, 4, 9303, 2856
1.38, 0.02, 9303, 10, 4, 9303, 2821
1.5, 0.02, 9303, 10, 4, 9303, 2827
1.44, 0.02, 9303, 10, 4, 9303, 2863
1.44, 0.02, 9303, 10, 4, 9303, 2864
1.44, 0.02, 9437, 10, 4, 9303, 2834
1.56, 0.02, 9573, 10, 4, 9437, 2888
1.62, 0.02, 9723, 10, 4, 9573, 2920
1.56, 0.02, 9881, 10, 4, 9723, 3059
1.62, 0.02, 10036, 10, 4, 9881, 3097
1.62, 0.02, 10199, 10, 4, 10036, 3095
1.68, 0.02, 10365, 10, 4, 10199, 3108
1.68, 0.02, 10540, 10, 4, 10365, 3190
1.86, 0.02, 10540, 10, 4, 10540, 3213
1.92, 0.02, 10540, 10, 4, 10540, 3301
1.74, 0.02, 10540, 10, 4, 10540, 3264
1.8, 0.02, 10540, 10, 4, 10540, 3245
1.74, 0.02, 10540, 10, 4, 10540, 3353
1.74, 0.02, 10540, 10, 4, 10540, 3318
1.74, 0.02, 10540, 10, 4, 10540, 3325
1.74, 0.02, 10540, 10, 4, 10540, 3315
1.86, 0.02, 10540, 10, 4, 10540, 3312
1.8, 0.02, 10540, 10, 4, 10540, 3327
1.68, 0.02, 10540, 10, 4, 10540, 3292
1.8, 0.02, 10540, 10, 4, 10540, 3292
1.8, 0.02, 10540, 10, 4, 10540, 3299
1.68, 0.02, 10540, 10, 4, 10540, 3325
1.74, 0.02, 10540, 10, 4, 10540, 3287
1.8, 0.02, 10540, 10, 4, 10540, 3319
1.74, 0.02, 10540, 10, 4, 10540, 3420
1.8, 0.02, 10540, 10, 4, 10540, 3341
1.68, 0.02, 10540, 10, 4, 10540, 3292
1.74, 0.02, 10540, 10, 4, 10540, 3355
1.8, 0.02, 10540, 10, 4, 10540, 3375
1.8, 0.02, 10540, 10, 4, 10540, 3345
1.86, 0.02, 10540, 10, 4, 10540, 3426
1.86, 0.02, 10540, 10, 4, 10540, 3352
1.74, 0.02, 10540, 10, 4, 10540, 3344
1.92, 0.02, 10540, 10, 4, 10540, 3393
1.92, 0.02, 10540, 10, 4, 10540, 3409
1.98, 0.02, 10540, 10, 4, 10540, 3317
2.04, 0.02, 10749, 10, 4, 10540, 3300
1.98, 0.02, 10969, 10, 4, 10749, 3454
1.92, 0.02, 11187, 10, 4, 10969, 3534
1.92, 0.02, 11402, 10, 4, 11187, 3619
2.04, 0.02, 11621, 10, 4, 11402, 3704
2.16, 0.02, 11621, 10, 4, 11621, 3816
2.16, 0.02, 11621, 10, 4, 11621, 3770
2.16, 0.02, 11621, 10, 4, 11621, 3733
2.1, 0.02, 11621, 10, 4, 11621, 3774
2.16, 0.02, 11621, 10, 4, 11621, 3732
2.1, 0.02, 11621, 10, 4, 11621, 3722
2.04, 0.02, 11621, 10, 4, 11621, 3763
2.1, 0.02, 11621, 10, 4, 11621, 3780
2.04, 0.02, 11621, 10, 4, 11621, 3780
2.1, 0.02, 11621, 10, 4, 11621, 3749
2.04, 0.02, 11621, 10, 4, 11621, 3740
2.1, 0.02, 11621, 10, 4, 11621, 3847
2.22, 0.02, 11621, 10, 4, 11621, 3876
2.28, 0.02, 11621, 10, 4, 11621, 3832
2.16, 0.02, 11621, 10, 4, 11621, 3736
2.16, 0.02, 11621, 10, 4, 11621, 3817
2.1, 0.02, 11621, 10, 4, 11621, 3823
2.16, 0.02, 11621, 10, 4, 11621, 3776
2.22, 0.02, 11621, 10, 4, 11621, 3785
2.22, 0.02, 11621, 10, 4, 11621, 3774
2.16, 0.02, 11621, 10, 4, 11621, 3803
2.1, 0.02, 11621, 10, 4, 11621, 3742
2.04, 0.02, 11866, 10, 4, 11621, 3771
2.04, 0.02, 12109, 10, 4, 11866, 3869
2.16, 0.02, 12357, 10, 4, 12109, 3964
2.28, 0.02, 12624, 10, 4, 12357, 4035
2.46, 0.02, 12912, 10, 4, 12624, 4171
2.4, 0.02, 12912, 10, 4, 12912, 4306
2.46, 0.02, 12912, 10, 4, 12912, 4258
2.52, 0.02, 12912, 10, 4, 12912, 4306
2.82, 0.02, 12912, 10, 4, 12912, 4312
2.46, 0.02, 12912, 10, 4, 12912, 4258
2.46, 0.02, 12912, 10, 4, 12912, 4273
2.4, 0.02, 12912, 10, 4, 12912, 4298
2.58, 0.02, 12912, 10, 4, 12912, 4310
2.28, 0.02, 12912, 10, 4, 12912, 4284
2.4, 0.02, 12912, 10, 4, 12912, 4174
2.52, 0.02, 12912, 10, 4, 12912, 4267
2.46, 0.02, 12912, 10, 4, 12912, 4329
2.58, 0.02, 12912, 10, 4, 12912, 4267
2.52, 0.02, 12912, 10, 4, 12912, 4195
2.58, 0.02, 12912, 10, 4, 12912, 4386
2.4, 0.02, 12912, 10, 4, 12912, 4340
2.34, 0.02, 12912, 10, 4, 12912, 4207
2.52, 0.02, 12912, 10, 4, 12912, 4316
2.46, 0.02, 13238, 10, 4, 12912, 4357
2.64, 0.02, 13564, 10, 4, 13238, 4378
2.64, 0.02, 13923, 10, 4, 13564, 4451
2.88, 0.02, 14291, 10, 4, 13923, 4655
2.94, 0.02, 14291, 10, 4, 14291, 4834
2.94, 0.02, 14291, 10, 4, 14291, 4787
2.82, 0.02, 14291, 10, 4, 14291, 4773
2.82, 0.02, 14291, 10, 4, 14291, 4797
2.82, 0.02, 14291, 10, 4, 14291, 4807
2.88, 0.02, 14291, 10, 4, 14291, 4833
2.82, 0.02, 14291, 10, 4, 14291, 4787
2.82, 0.02, 14291, 10, 4, 14291, 4819
3.06, 0.02, 14291, 10, 4, 14291, 4821
2.82, 0.02, 14291, 10, 4, 14291, 4729
2.7, 0.02, 14291, 10, 4, 14291, 4801
2.88, 0.02, 14291, 10, 4, 14291, 4830
2.76, 0.02, 14291, 10, 4, 14291, 4711
2.94, 0.02, 14291, 10, 4, 14291, 4771
2.94, 0.02, 14291, 10, 4, 14291, 4868
3.06, 0.02, 14291, 10, 4, 14291, 4829
3.12, 0.02, 14291, 10, 4, 14291, 4773
3.06, 0.02, 14291, 10, 4, 14291, 4764
3, 0.02, 14291, 10, 4, 14291, 4757
2.82, 0.02, 14291, 10, 4, 14291, 4709
2.94, 0.02, 14291, 10, 4, 14291, 4795
3.06, 0.02, 14291, 10, 4, 14291, 4868
2.82, 0.02, 14291, 10, 4, 14291, 4846
3.06, 0.02, 14291, 10, 4, 14291, 4816
2.88, 0.02, 14291, 10, 4, 14291, 4753
2.94, 0.02, 14291, 10, 4, 14291, 4802
2.88, 0.02, 14291, 10, 4, 14291, 4832
3, 0.02, 14291, 10, 4, 14291, 4840
2.82, 0.02, 14291, 10, 4, 14291, 4835
2.82, 0.02, 14291, 10, 4, 14291, 4804
3.06, 0.02, 14291, 10, 4, 14291, 4827
3, 0.02, 14291, 10, 4, 14291, 4792
2.94, 0.02, 14291, 10, 4, 14291, 4871
3.06, 0.02, 14712, 10, 4, 14291, 4841
3.18, 0.02, 15163, 10, 4, 14712, 4967
3.3, 0.02, 15646, 10, 4, 15163, 5148
3.36, 0.02, 16163, 10, 4, 15646, 5396
3.72, 0.02, 16163, 10, 4, 16163, 5583
3.48, 0.02, 16163, 10, 4, 16163, 5593
3.36, 0.02, 16163, 10, 4, 16163, 5486
3.66, 0.02, 16163, 10, 4, 16163, 5511
3.66, 0.02, 16163, 10, 4, 16163, 5515
3.42, 0.02, 16163, 10, 4, 16163, 5446
3.3, 0.02, 16163, 10, 4, 16163, 5521
3.72, 0.02, 16163, 10, 4, 16163, 5597
3.48, 0.02, 16163, 10, 4, 16163, 5406
3.24, 0.02, 16163, 10, 4, 16163, 5511
3.42, 0.02, 16163, 10, 4, 16163, 5594
3.36, 0.02, 16163, 10, 4, 16163, 5423
3.6, 0.02, 16163, 10, 4, 16163, 5503
3.48, 0.02, 16163, 10, 4, 16163, 5490
3.54, 0.02, 16163, 10, 4, 16163, 5514
3.66, 0.02, 16163, 10, 4, 16163, 5544
3.36, 0.02, 16163, 10, 4, 16163, 5521
3.72, 0.02, 16163, 10, 4, 16163, 5574
3.72, 0.02, 16163, 10, 4, 16163, 5549
3.42, 0.02, 16163, 10, 4, 16163, 5570
3.48, 0.02, 16163, 10, 4, 16163, 5509
3.6, 0.02, 16163, 10, 4, 16163, 5550
3.72, 0.02, 16163, 10, 4, 16163, 5559
3.36, 0.02, 16163, 10, 4, 16163, 5523
3.48, 0.02, 16163, 10, 4, 16163, 5438
3.6, 0.02, 16163, 10, 4, 16163, 5496
3.42, 0.02, 16745, 10, 4, 16163, 5543
3.66, 0.02, 17318, 10, 4, 16745, 5881
3.48, 0.02, 17952, 10, 4, 17318, 5950
3.96, 0.02, 17952, 10, 4, 17952, 6145
3.96, 0.02, 17952, 10, 4, 17952, 6268
4.2, 0.02, 17952, 10, 4, 17952, 6227
4.2, 0.02, 17952, 10, 4, 17952, 6187
4.26, 0.02, 17952, 10, 4, 17952, 6316
4.08, 0.02, 17952, 10, 4, 17952, 6247
4.02, 0.02, 17952, 10, 4, 17952, 6289
4.08, 0.02, 17952, 10, 4, 17952, 6237
4.26, 0.02, 17952, 10, 4, 17952, 6170
4.2, 0.02, 17952, 10, 4, 17952, 6231
4.68, 0.02, 17952, 10, 4, 17952, 6271
4.56, 0.02, 17952, 10, 4, 17952, 6200
4.08, 0.02, 17952, 10, 4, 17952, 6257
4.08, 0.02, 17952, 10, 4, 17952, 6194
4.2, 0.02, 17952, 10, 4, 17952, 6157
4.2, 0.02, 17952, 10, 4, 17952, 6179
4.02, 0.02, 18706, 10, 4, 17952, 6187
4.26, 0.02, 19458, 10, 4, 18706, 6538
4.8, 0.02, 19458, 10, 4, 19458, 6919
4.74, 0.02, 19458, 10, 4, 19458, 6825
4.68, 0.02, 19458, 10, 4, 19458, 6857
4.92, 0.02, 19458, 10, 4, 19458, 6711
4.98, 0.02, 19458, 10, 4, 19458, 6852
4.62, 0.02, 19458, 10, 4, 19458, 6890
4.8, 0.02, 19458, 10, 4, 19458, 6892
4.8, 0.02, 19458, 10, 4, 19458, 6824
4.62, 0.02, 19458, 10, 4, 19458, 6956
4.68, 0.02, 19458, 10, 4, 19458, 6853
4.38, 0.02, 19458, 10, 4, 19458, 6838
4.68, 0.02, 19458, 10, 4, 19458, 6859
5.22, 0.02, 19458, 10, 4, 19458, 7009
4.5, 0.02, 20474, 10, 4, 19458, 6902
5.7, 0.02, 21396, 10, 4, 20474, 7303
5.76, 0.02, 21396, 10, 4, 21396, 7708
5.4, 0.02, 21396, 10, 4, 21396, 7738
5.22, 0.02, 21396, 10, 4, 21396, 7690
5.22, 0.02, 21396, 10, 4, 21396, 7643
5.52, 0.02, 21396, 10, 4, 21396, 7786
5.7, 0.02, 21396, 10, 4, 21396, 7828
5.76, 0.02, 21396, 10, 4, 21396, 7673
5.58, 0.02, 21396, 10, 4, 21396, 7708
5.46, 0.02, 21396, 10, 4, 21396, 7706
5.46, 0.02, 21396, 10, 4, 21396, 7754
5.7, 0.02, 22565, 10, 4, 21396, 7771
6, 0.02, 23852, 10, 4, 22565, 8175
6.9, 0.02, 23852, 10, 4, 23852, 8890
6.36, 0.02, 23852, 10, 4, 23852, 9036
6.3, 0.02, 23852, 10, 4, 23852, 8894
6.78, 0.02, 23852, 10, 4, 23852, 8867
6.54, 0.02, 23852, 10, 4, 23852, 8940
6.72, 0.02, 23852, 10, 4, 23852, 8925
6.66, 0.02, 23852, 10, 4, 23852, 8787
6.6, 0.02, 23852, 10, 4, 23852, 8905
6.42, 0.02, 25427, 10, 4, 23852, 8870
7.56, 0.02, 27060, 10, 4, 25427, 9693
8.1, 0.02, 27060, 10, 4, 27060, 10638
8.1, 0.02, 27060, 10, 4, 27060, 10426
8.16, 0.02, 27060, 10, 4, 27060, 10522
8.22, 0.02, 27060, 10, 4, 27060, 10400
8.52, 0.02, 27060, 10, 4, 27060, 10591
8.1, 0.02, 29366, 10, 4, 27060, 10563
9.78, 0.02, 31745, 10, 4, 29366, 11683
11.76, 0.02, 31745, 10, 4, 31745, 12676
10.86, 0.02, 31745, 10, 4, 31745, 12961
11.04, 0.02, 31745, 10, 4, 31745, 12787
10.56, 0.02, 31745, 10, 4, 31745, 12731
11.22, 0.02, 31745, 10, 4, 31745, 12850
10.92, 0.02, 35307, 10, 4, 31745, 12787
13.2, 0.02, 35307, 10, 4, 35307, 14469
13.38, 0.02, 35307, 10, 4, 35307, 14623
13.62, 0.02, 35307, 10, 4, 35307, 14625
13.08, 0.02, 35307, 10, 4, 35307, 14513
13.56, 0.02, 39926, 10, 4, 35307, 14625
16.74, 0.02, 39926, 10, 4, 39926, 17019
16.8, 0.02, 39926, 10, 4, 39926, 16745
16.92, 0.02, 39926, 10, 4, 39926, 16844
17.28, 0.02, 39926, 10, 4, 39926, 16790
16.86, 0.02, 39926, 10, 4, 39926, 16763
16.86, 0.02, 39926, 10, 4, 39926, 16751
16.8, 0.02, 46658, 10, 4, 39926, 16912
22.32, 0.02, 46658, 10, 4, 46658, 20185
21.84, 0.02, 46658, 10, 4, 46658, 20284
23.52, 0.02, 46658, 10, 4, 46658, 20254
23.1, 0.02, 57632, 10, 4, 46658, 20117
33.84, 0.02, 57632, 10, 4, 57632, 25738
32.88, 0.02, 57632, 10, 4, 57632, 25448
33.66, 0.02, 57632, 10, 4, 57632, 25869
34.38, 0.02, 57632, 10, 4, 57632, 25640
33.48, 0.02, 57632, 10, 4, 57632, 25736
33, 0.02, 57632, 10, 4, 57632, 25828
33, 0.02, 57632, 10, 4, 57632, 25822
33.9, 0.02, 57632, 10, 4, 57632, 25679
