0.6, 0.02, 1000, 3239
0.06, 0.02, 1000, 3411
0.06, 0.02, 1000, 352
0.12, 0.02, 1000, 338
0.12, 0.02, 1000, 650
0.06, 0.02, 1000, 638
0.12, 0.02, 1000, 332
0.18, 0.02, 1000, 668
0.12, 0.02, 1000, 970
0.12, 0.02, 1000, 655
0.12, 0.02, 1000, 654
0.06, 0.02, 1000, 659
0.18, 0.02, 1000, 340
0.12, 0.02, 1000, 998
0.18, 0.02, 1000, 666
0.12, 0.02, 1000, 1004
0.12, 0.02, 1000, 700
0.12, 0.02, 1000, 668
0.12, 0.02, 1000, 638
0.12, 0.02, 1000, 608
0.18, 0.02, 1000, 665
0.18, 0.02, 1000, 990
0.12, 0.02, 1000, 994
0.12, 0.02, 1000, 679
0.18, 0.02, 1000, 617
0.12, 0.02, 1000, 945
0.12, 0.02, 1000, 636
0.12, 0.02, 1000, 697
0.24, 0.02, 1000, 705
0.06, 0.02, 1000, 1335
0.12, 0.02, 1000, 358
0.12, 0.02, 1000, 683
0.12, 0.02, 1000, 643
0.12, 0.02, 1000, 641
0.18, 0.02, 1000, 627
0.12, 0.02, 1000, 1060
0.18, 0.02, 1000, 663
0.18, 0.02, 1000, 1025
0.12, 0.02, 1000, 1000
0.12, 0.02, 1000, 665
0.12, 0.02, 1000, 718
0.12, 0.02, 1000, 676
0.12, 0.02, 1000, 650
0.24, 0.02, 1000, 617
0.12, 0.02, 1000, 1331
0.12, 0.02, 1000, 693
0.18, 0.02, 1000, 677
0.12, 0.02, 1000, 1085
0.12, 0.02, 1000, 674
0.12, 0.02, 1000, 715
0.18, 0.02, 1000, 713
0.18, 0.02, 1000, 995
0.12, 0.02, 1000, 1028
0.12, 0.02, 1000, 710
0.18, 0.02, 1000, 646
0.12, 0.02, 1000, 1043
0.12, 0.02, 1000, 704
0.24, 0.02, 1000, 690
0.12, 0.02, 1000, 1320
0.12, 0.02, 1000, 652
0.12, 0.02, 1000, 745
0.12, 0.02, 1000, 720
0.12, 0.02, 1000, 654
0.12, 0.02, 1000, 676
0.24, 0.02, 1000, 620
0.12, 0.02, 1000, 1343
0.12, 0.02, 1000, 696
0.12, 0.02, 1000, 649
0.12, 0.02, 1000, 658
0.12, 0.02, 1000, 659
0.12, 0.02, 1000, 675
0.18, 0.02, 1000, 670
0.12, 0.02, 1000, 962
0.18, 0.02, 1000, 622
0.12, 0.02, 1000, 1081
0.12, 0.02, 1000, 718
0.12, 0.02, 1000, 652
0.12, 0.02, 1000, 658
0.12, 0.02, 1000, 668
0.24, 0.02, 1000, 692
0.12, 0.02, 1000, 1286
0.12, 0.02, 1000, 666
0.12, 0.02, 1000, 660
0.12, 0.02, 1000, 693
0.12, 0.02, 1000, 619
0.12, 0.02, 1000, 638
0.18, 0.02, 1000, 616
0.12, 0.02, 1000, 991
0.12, 0.02, 1000, 699
0.12, 0.02, 1000, 649
0.12, 0.02, 1000, 623
0.12, 0.02, 1000, 740
0.12, 0.02, 1000, 655
0.12, 0.02, 1000, 659
0.24, 0.02, 1000, 629
0.12, 0.02, 1000, 1385
0.12, 0.02, 1000, 585
0.12, 0.02, 1000, 697
0.12, 0.02, 1000, 629
0.12, 0.02, 1000, 695
0.12, 0.02, 1000, 678
0.24, 0.02, 1000, 659
0.12, 0.02, 1000, 1355
0.12, 0.02, 1000, 664
0.12, 0.02, 1000, 676
0.12, 0.02, 1000, 668
0.12, 0.02, 1000, 678
0.12, 0.02, 1000, 677
0.24, 0.02, 1000, 703
0.12, 0.02, 1000, 1340
0.12, 0.02, 1000, 679
0.06, 0.02, 1000, 639
0.12, 0.02, 1000, 326
0.12, 0.02, 1000, 669
0.06, 0.02, 1000, 702
0.12, 0.02, 1000, 335
0.12, 0.02, 1000, 700
0.12, 0.02, 1000, 654
0.18, 0.02, 1000, 660
0.12, 0.02, 1000, 981
0.06, 0.02, 1000, 673
0.12, 0.02, 1000, 315
0.12, 0.02, 1000, 737
0.06, 0.02, 1000, 671
0.12, 0.02, 1000, 332
0.12, 0.02, 1000, 627
0.12, 0.02, 1000, 629
0.18, 0.02, 1000, 709
0.06, 0.02, 1000, 1032
0.12, 0.02, 1000, 315
0.12, 0.02, 1000, 689
0.12, 0.02, 1000, 689
0.06, 0.02, 1000, 699
0.12, 0.02, 1000, 345
0.12, 0.02, 1000, 631
0.12, 0.02, 1000, 645
0.12, 0.02, 1000, 687
0.12, 0.02, 1000, 634
0.06, 0.02, 1000, 637
0.12, 0.02, 1000, 330
0.12, 0.02, 1000, 637
0.12, 0.02, 1000, 632
0.06, 0.02, 1000, 666
0.12, 0.02, 1000, 325
0.12, 0.02, 1000, 719
0.12, 0.02, 1000, 670
0.12, 0.02, 1000, 654
0.06, 0.02, 1000, 609
0.12, 0.02, 1000, 313
0.12, 0.02, 1000, 666
0.06, 0.02, 1000, 648
0.12, 0.02, 1000, 357
0.06, 0.02, 1000, 684
0.12, 0.02, 1000, 379
0.12, 0.02, 1000, 687
0.12, 0.02, 1000, 659
0.12, 0.02, 1000, 642
0.06, 0.02, 1000, 682
0.12, 0.02, 1000, 340
0.06, 0.02, 1000, 651
0.12, 0.02, 1000, 321
0.12, 0.02, 1000, 639
0.06, 0.02, 1000, 657
0.12, 0.02, 1000, 312
0.12, 0.02, 1000, 683
0.12, 0.02, 1000, 647
0.06, 0.02, 1000, 679
0.12, 0.02, 1000, 334
0.12, 0.02, 1000, 634
0.06, 0.02, 1000, 685
0.12, 0.02, 1000, 318
0.06, 0.02, 1000, 671
0.12, 0.02, 1000, 291
0.12, 0.02, 1000, 681
0.06, 0.02, 1000, 654
0.12, 0.02, 1000, 324
0.12, 0.02, 1000, 670
0.06, 0.02, 1000, 661
0.12, 0.02, 1000, 303
0.06, 0.02, 1000, 677
0.12, 0.02, 1000, 306
0.12, 0.02, 1000, 687
0.12, 0.02, 1002, 712
0.12, 0.02, 1004, 0
0.12, 0.02, 1006, 0
0.12, 0.02, 1008, 0
0.12, 0.02, 1010, 0
0.12, 0.02, 1012, 0
0.18, 0.02, 1014, 0
0.12, 0.02, 1016, 0
0.12, 0.02, 1018, 0
0.12, 0.02, 1020, 0
0.12, 0.02, 1022, 0
0.12, 0.02, 1024, 0
0.12, 0.02, 1026, 0
0.12, 0.02, 1028, 0
0.12, 0.02, 1030, 0
0.12, 0.02, 1032, 0
0.12, 0.02, 1034, 0
0.12, 0.02, 1036, 0
0.12, 0.02, 1038, 0
0.12, 0.02, 1040, 0
0.12, 0.02, 1042, 0
0.12, 0.02, 1044, 0
0.12, 0.02, 1046, 0
0.12, 0.02, 1048, 0
0.12, 0.02, 1050, 0
0.12, 0.02, 1052, 0
0.12, 0.02, 1054, 0
0.12, 0.02, 1056, 0
0.12, 0.02, 1058, 0
0.12, 0.02, 1060, 0
0.12, 0.02, 1062, 0
0.12, 0.02, 1064, 0
0.12, 0.02, 1066, 0
0.12, 0.02, 1068, 0
0.12, 0.02, 1070, 0
0.12, 0.02, 1072, 0
0.12, 0.02, 1074, 0
0.12, 0.02, 1076, 0
0.12, 0.02, 1078, 0
0.12, 0.02, 1080, 0
0.12, 0.02, 1082, 0
0.12, 0.02, 1084, 0
0.12, 0.02, 1086, 0
0.12, 0.02, 1088, 0
0.12, 0.02, 1090, 0
0.12, 0.02, 1092, 0
0.12, 0.02, 1094, 0
0.12, 0.02, 1096, 0
0.12, 0.02, 1098, 0
0.12, 0.02, 1100, 0
0.12, 0.02, 1102, 0
0.12, 0.02, 1104, 0
0.12, 0.02, 1106, 0
0.24, 0.02, 1108, 0
0.12, 0.02, 1111, 0
0.12, 0.02, 1113, 0
0.12, 0.02, 1115, 0
0.12, 0.02, 1117, 0
0.12, 0.02, 1119, 0
0.12, 0.02, 1121, 0
0.12, 0.02, 1123, 0
0.12, 0.02, 1125, 0
0.12, 0.02, 1127, 0
0.12, 0.02, 1129, 0
0.18, 0.02, 1131, 0
0.12, 0.02, 1134, 0
0.12, 0.02, 1136, 0
0.12, 0.02, 1138, 0
0.12, 0.02, 1140, 0
0.12, 0.02, 1142, 0
0.12, 0.02, 1144, 0
0.12, 0.02, 1146, 0
0.12, 0.02, 1148, 0
0.12, 0.02, 1150, 0
0.12, 0.02, 1152, 0
0.12, 0.02, 1154, 0
0.12, 0.02, 1156, 0
0.12, 0.02, 1158, 0
0.18, 0.02, 1160, 0
0.12, 0.02, 1163, 0
0.18, 0.02, 1165, 0
0.12, 0.02, 1168, 0
0.18, 0.02, 1170, 0
0.12, 0.02, 1173, 0
0.18, 0.02, 1175, 0
0.24, 0.02, 1178, 0
0.12, 0.02, 1181, 0
0.18, 0.02, 1183, 0
0.12, 0.02, 1186, 0
0.12, 0.02, 1188, 0
0.12, 0.02, 1190, 0
0.12, 0.02, 1192, 0
0.12, 0.02, 1194, 0
0.12, 0.02, 1196, 0
0.24, 0.02, 1198, 0
0.12, 0.02, 1201, 0
0.12, 0.02, 1203, 0
0.12, 0.02, 1205, 0
0.12, 0.02, 1207, 0
0.12, 0.02, 1209, 0
0.12, 0.02, 1211, 0
0.18, 0.02, 1213, 0
0.12, 0.02, 1216, 0
0.12, 0.02, 1218, 0
0.12, 0.02, 1220, 0
0.18, 0.02, 1222, 0
0.18, 0.02, 1225, 0
0.12, 0.02, 1228, 0
0.12, 0.02, 1230, 0
0.12, 0.02, 1232, 0
0.12, 0.02, 1234, 0
0.12, 0.02, 1236, 0
0.12, 0.02, 1238, 0
0.18, 0.02, 1240, 0
0.12, 0.02, 1243, 0
0.12, 0.02, 1245, 0
0.12, 0.02, 1247, 0
0.12, 0.02, 1249, 0
0.12, 0.02, 1251, 0
0.12, 0.02, 1253, 0
0.12, 0.02, 1255, 0
0.12, 0.02, 1257, 0
0.12, 0.02, 1259, 0
0.24, 0.02, 1261, 0
0.12, 0.02, 1265, 0
0.12, 0.02, 1267, 0
0.12, 0.02, 1269, 0
0.12, 0.02, 1271, 0
0.24, 0.02, 1273, 0
0.12, 0.02, 1277, 0
0.12, 0.02, 1279, 0
0.12, 0.02, 1281, 0
0.12, 0.02, 1283, 0
0.12, 0.02, 1285, 0
0.18, 0.02, 1287, 0
0.12, 0.02, 1290, 0
0.12, 0.02, 1292, 0
0.18, 0.02, 1294, 0
0.12, 0.02, 1297, 0
0.12, 0.02, 1299, 0
0.18, 0.02, 1301, 0
0.12, 0.02, 1304, 0
0.12, 0.02, 1306, 0
0.18, 0.02, 1308, 0
0.12, 0.02, 1311, 0
0.18, 0.02, 1313, 0
0.12, 0.02, 1316, 0
0.18, 0.02, 1318, 0
0.18, 0.02, 1321, 0
0.12, 0.02, 1324, 0
0.12, 0.02, 1326, 0
0.12, 0.02, 1328, 0
0.18, 0.02, 1330, 0
0.12, 0.02, 1333, 0
0.12, 0.02, 1335, 0
0.18, 0.02, 1337, 0
0.12, 0.02, 1340, 0
0.18, 0.02, 1342, 0
0.12, 0.02, 1345, 0
0.12, 0.02, 1347, 0
0.12, 0.02, 1349, 0
0.18, 0.02, 1351, 0
0.12, 0.02, 1354, 0
0.18, 0.02, 1356, 0
0.12, 0.02, 1359, 0
0.12, 0.02, 1361, 0
0.12, 0.02, 1363, 0
0.18, 0.02, 1365, 0
0.18, 0.02, 1368, 0
0.12, 0.02, 1371, 0
0.12, 0.02, 1373, 0
0.12, 0.02, 1375, 0
0.18, 0.02, 1377, 0
0.12, 0.02, 1380, 0
0.12, 0.02, 1382, 0
0.24, 0.02, 1384, 0
0.12, 0.02, 1388, 0
0.12, 0.02, 1390, 0
0.18, 0.02, 1392, 0
0.12, 0.02, 1395, 0
0.12, 0.02, 1395, 0
0.06, 0.02, 1395, 1202
0.12, 0.02, 1395, 569
0.12, 0.02, 1395, 1277
0.12, 0.02, 1395, 1247
0.12, 0.02, 1395, 1255
0.12, 0.02, 1395, 1223
0.12, 0.02, 1395, 1235
0.06, 0.02, 1395, 1291
0.12, 0.02, 1395, 623
0.12, 0.02, 1395, 1210
0.12, 0.02, 1395, 1291
0.12, 0.02, 1395, 1307
0.12, 0.02, 1395, 1271
0.12, 0.02, 1395, 1205
0.12, 0.02, 1395, 1232
0.12, 0.02, 1395, 1260
0.12, 0.02, 1395, 1248
0.06, 0.02, 1395, 1227
0.12, 0.02, 1395, 599
0.12, 0.02, 1395, 1179
0.12, 0.02, 1395, 1214
0.12, 0.02, 1395, 1246
0.12, 0.02, 1395, 1252
0.12, 0.02, 1395, 1292
0.12, 0.02, 1395, 1251
0.12, 0.02, 1395, 1256
0.12, 0.02, 1395, 1258
0.12, 0.02, 1395, 1244
0.12, 0.02, 1395, 1192
0.12, 0.02, 1395, 1226
0.12, 0.02, 1395, 1261
0.12, 0.02, 1395, 1293
0.12, 0.02, 1395, 1249
0.12, 0.02, 1395, 1210
0.12, 0.02, 1395, 1205
0.12, 0.02, 1395, 1250
0.12, 0.02, 1395, 1343
0.12, 0.02, 1395, 1247
0.12, 0.02, 1395, 1196
0.12, 0.02, 1395, 1284
0.06, 0.02, 1395, 1205
0.12, 0.02, 1395, 608
0.12, 0.02, 1395, 1256
0.12, 0.02, 1395, 1255
0.12, 0.02, 1395, 1252
0.12, 0.02, 1395, 1261
0.12, 0.02, 1395, 1344
0.12, 0.02, 1395, 1207
0.12, 0.02, 1395, 1409
0.12, 0.02, 1395, 1266
0.12, 0.02, 1395, 1241
0.12, 0.02, 1395, 1291
0.18, 0.02, 1395, 1218
0.12, 0.02, 1395, 1926
0.06, 0.02, 1395, 1197
0.12, 0.02, 1395, 594
0.12, 0.02, 1395, 1219
0.12, 0.02, 1395, 1278
0.12, 0.02, 1395, 1318
0.12, 0.02, 1395, 1201
0.12, 0.02, 1395, 1241
0.18, 0.02, 1395, 1314
0.12, 0.02, 1395, 1871
0.12, 0.02, 1395, 1260
0.06, 0.02, 1395, 1256
0.12, 0.02, 1395, 618
0.12, 0.02, 1395, 1216
0.12, 0.02, 1395, 1303
0.12, 0.02, 1395, 1158
0.18, 0.02, 1395, 1205
0.12, 0.02, 1395, 1895
0.12, 0.02, 1395, 1271
0.12, 0.02, 1395, 1185
0.12, 0.02, 1395, 1274
0.12, 0.02, 1395, 1233
0.12, 0.02, 1395, 1218
0.12, 0.02, 1395, 1333
0.12, 0.02, 1395, 1250
0.12, 0.02, 1395, 1270
0.12, 0.02, 1395, 1207
0.12, 0.02, 1395, 1306
0.12, 0.02, 1395, 1244
0.12, 0.02, 1395, 1191
0.12, 0.02, 1395, 1298
0.12, 0.02, 1395, 1193
0.12, 0.02, 1395, 1221
0.12, 0.02, 1395, 1221
0.12, 0.02, 1395, 1222
0.12, 0.02, 1395, 1266
0.12, 0.02, 1395, 1234
0.06, 0.02, 1395, 1193
0.12, 0.02, 1395, 603
0.12, 0.02, 1395, 1247
0.12, 0.02, 1395, 1236
0.18, 0.02, 1395, 1264
0.12, 0.02, 1395, 1976
0.12, 0.02, 1395, 1262
0.06, 0.02, 1395, 1320
0.12, 0.02, 1395, 616
0.12, 0.02, 1395, 1259
0.12, 0.02, 1395, 1308
0.12, 0.02, 1395, 1236
0.06, 0.02, 1395, 1210
0.18, 0.02, 1395, 602
0.06, 0.02, 1395, 1817
0.12, 0.02, 1395, 637
0.12, 0.02, 1395, 1198
0.12, 0.02, 1395, 1243
0.12, 0.02, 1395, 1259
0.12, 0.02, 1395, 1214
0.12, 0.02, 1395, 1163
0.12, 0.02, 1395, 1308
0.12, 0.02, 1395, 1278
0.12, 0.02, 1395, 1286
0.12, 0.02, 1395, 1275
0.12, 0.02, 1395, 1234
0.06, 0.02, 1395, 1242
0.12, 0.02, 1395, 592
0.12, 0.02, 1395, 1277
0.12, 0.02, 1395, 1293
0.12, 0.02, 1395, 1247
0.12, 0.02, 1395, 1331
0.12, 0.02, 1395, 1285
0.12, 0.02, 1395, 1255
0.12, 0.02, 1395, 1256
0.06, 0.02, 1395, 1252
0.12, 0.02, 1395, 617
0.12, 0.02, 1395, 1265
0.12, 0.02, 1395, 1308
0.12, 0.02, 1395, 1268
0.12, 0.02, 1395, 1320
0.12, 0.02, 1395, 1254
0.12, 0.02, 1395, 1231
0.12, 0.02, 1395, 1202
0.06, 0.02, 1395, 1280
0.12, 0.02, 1395, 599
0.12, 0.02, 1395, 1350
0.12, 0.02, 1395, 1281
0.12, 0.02, 1395, 1259
0.12, 0.02, 1395, 1237
0.12, 0.02, 1395, 1194
0.12, 0.02, 1395, 1198
0.06, 0.02, 1395, 1281
0.12, 0.02, 1395, 665
0.12, 0.02, 1395, 1261
0.12, 0.02, 1395, 1305
0.12, 0.02, 1395, 1235
0.12, 0.02, 1395, 1261
0.12, 0.02, 1397, 1308
0.18, 0.02, 1399, 0
0.12, 0.02, 1402, 0
0.12, 0.02, 1404, 0
0.12, 0.02, 1406, 0
0.18, 0.02, 1408, 0
0.18, 0.02, 1411, 0
0.12, 0.02, 1414, 0
0.12, 0.02, 1416, 0
0.18, 0.02, 1418, 0
0.12, 0.02, 1421, 0
0.12, 0.02, 1423, 0
0.18, 0.02, 1425, 0
0.18, 0.02, 1428, 0
0.3, 0.02, 1431, 0
0.12, 0.02, 1436, 0
0.12, 0.02, 1438, 0
0.18, 0.02, 1440, 0
0.12, 0.02, 1443, 0
0.18, 0.02, 1445, 0
0.12, 0.02, 1448, 0
0.18, 0.02, 1450, 0
0.12, 0.02, 1453, 0
0.18, 0.02, 1455, 0
0.12, 0.02, 1458, 0
0.12, 0.02, 1460, 0
0.18, 0.02, 1462, 0
0.18, 0.02, 1465, 0
0.12, 0.02, 1468, 0
0.12, 0.02, 1470, 0
0.18, 0.02, 1472, 0
0.12, 0.02, 1475, 0
0.18, 0.02, 1477, 0
0.12, 0.02, 1480, 0
0.18, 0.02, 1482, 0
0.12, 0.02, 1485, 0
0.12, 0.02, 1487, 0
0.18, 0.02, 1489, 0
0.12, 0.02, 1492, 0
0.18, 0.02, 1494, 0
0.12, 0.02, 1497, 0
0.18, 0.02, 1499, 0
0.12, 0.02, 1502, 0
0.18, 0.02, 1504, 0
0.12, 0.02, 1507, 0
0.18, 0.02, 1509, 0
0.24, 0.02, 1512, 0
0.12, 0.02, 1516, 0
0.18, 0.02, 1518, 0
0.12, 0.02, 1521, 0
0.18, 0.02, 1523, 0
0.18, 0.02, 1526, 0
0.18, 0.02, 1529, 0
0.12, 0.02, 1532, 0
0.18, 0.02, 1534, 0
0.12, 0.02, 1537, 0
0.18, 0.02, 1539, 0
0.12, 0.02, 1542, 0
0.18, 0.02, 1544, 0
0.18, 0.02, 1547, 0
0.12, 0.02, 1550, 0
0.18, 0.02, 1552, 0
0.18, 0.02, 1555, 0
0.12, 0.02, 1558, 0
0.18, 0.02, 1560, 0
0.18, 0.02, 1563, 0
0.12, 0.02, 1566, 0
0.18, 0.02, 1568, 0
0.18, 0.02, 1571, 0
0.12, 0.02, 1574, 0
0.24, 0.02, 1576, 0
0.18, 0.02, 1580, 0
0.18, 0.02, 1583, 0
0.18, 0.02, 1586, 0
0.12, 0.02, 1589, 0
0.18, 0.02, 1591, 0
0.18, 0.02, 1594, 0
0.18, 0.02, 1597, 0
0.18, 0.02, 1600, 0
0.12, 0.02, 1603, 0
0.18, 0.02, 1605, 0
0.18, 0.02, 1608, 0
0.18, 0.02, 1611, 0
0.12, 0.02, 1614, 0
0.18, 0.02, 1616, 0
0.18, 0.02, 1619, 0
0.18, 0.02, 1622, 0
0.18, 0.02, 1625, 0
0.18, 0.02, 1628, 0
0.18, 0.02, 1631, 0
0.18, 0.02, 1634, 0
0.18, 0.02, 1637, 0
0.18, 0.02, 1640, 0
0.78, 0.02, 1643, 0
0.36, 0.02, 1656, 0
0.24, 0.02, 1662, 0
0.24, 0.02, 1666, 0
0.18, 0.02, 1670, 0
0.18, 0.02, 1674, 0
0.18, 0.02, 1678, 0
0.18, 0.02, 1682, 0
0.24, 0.02, 1686, 0
0.18, 0.02, 1691, 0
0.18, 0.02, 1695, 0
0.24, 0.02, 1699, 0
0.24, 0.02, 1704, 0
0.18, 0.02, 1709, 0
0.18, 0.02, 1713, 0
0.18, 0.02, 1717, 0
0.18, 0.02, 1721, 0
0.24, 0.02, 1725, 0
0.18, 0.02, 1730, 0
0.18, 0.02, 1734, 0
0.18, 0.02, 1738, 0
0.24, 0.02, 1742, 0
0.24, 0.02, 1747, 0
0.18, 0.02, 1752, 0
0.18, 0.02, 1756, 0
0.18, 0.02, 1760, 0
0.24, 0.02, 1764, 0
0.24, 0.02, 1769, 0
0.18, 0.02, 1774, 0
0.18, 0.02, 1778, 0
0.18, 0.02, 1782, 0
0.18, 0.02, 1786, 0
0.24, 0.02, 1790, 0
0.18, 0.02, 1795, 0
0.18, 0.02, 1799, 0
0.18, 0.02, 1803, 0
0.18, 0.02, 1807, 0
0.24, 0.02, 1811, 0
0.18, 0.02, 1816, 0
0.18, 0.02, 1820, 0
0.18, 0.02, 1824, 0
0.18, 0.02, 1828, 0
0.18, 0.02, 1832, 0
0.18, 0.02, 1836, 0
0.18, 0.02, 1840, 0
0.18, 0.02, 1844, 0
0.18, 0.02, 1848, 0
0.18, 0.02, 1852, 0
0.24, 0.02, 1856, 0
0.18, 0.02, 1861, 0
0.18, 0.02, 1865, 0
0.18, 0.02, 1869, 0
0.18, 0.02, 1873, 0
0.18, 0.02, 1877, 0
0.18, 0.02, 1881, 0
0.18, 0.02, 1885, 0
0.18, 0.02, 1889, 0
0.24, 0.02, 1893, 0
0.18, 0.02, 1898, 0
0.18, 0.02, 1902, 0
0.18, 0.02, 1906, 0
0.18, 0.02, 1910, 0
0.24, 0.02, 1914, 0
0.18, 0.02, 1919, 0
0.24, 0.02, 1923, 0
0.24, 0.02, 1928, 0
0.18, 0.02, 1933, 0
0.24, 0.02, 1937, 0
0.24, 0.02, 1942, 0
0.24, 0.02, 1947, 0
0.24, 0.02, 1952, 0
0.18, 0.02, 1957, 0
0.3, 0.02, 1961, 0
0.24, 0.02, 1967, 0
0.18, 0.02, 1972, 0
0.24, 0.02, 1976, 0
0.18, 0.02, 1981, 0
0.24, 0.02, 1985, 0
0.24, 0.02, 1990, 0
0.18, 0.02, 1995, 0
0.18, 0.02, 1999, 0
0.24, 0.02, 2003, 0
0.24, 0.02, 2008, 0
0.18, 0.02, 2013, 0
0.24, 0.02, 2017, 0
0.18, 0.02, 2022, 0
0.24, 0.02, 2026, 0
0.18, 0.02, 2031, 0
0.24, 0.02, 2035, 0
0.24, 0.02, 2040, 0
0.18, 0.02, 2045, 0
0.24, 0.02, 2049, 0
0.24, 0.02, 2054, 0
0.18, 0.02, 2059, 0
0.24, 0.02, 2063, 0
0.24, 0.02, 2068, 0
0.18, 0.02, 2073, 0
0.24, 0.02, 2077, 0
0.24, 0.02, 2082, 0
0.18, 0.02, 2087, 0
0.3, 0.02, 2091, 0
0.18, 0.02, 2098, 0
0.24, 0.02, 2102, 0
0.24, 0.02, 2108, 0
0.18, 0.02, 2114, 0
0.24, 0.02, 2118, 0
0.18, 0.02, 2124, 0
0.24, 0.02, 2128, 0
0.3, 0.02, 2134, 0
0.24, 0.02, 2141, 0
0.24, 0.02, 2147, 0
0.18, 0.02, 2153, 0
0.24, 0.02, 2157, 0
0.3, 0.02, 2163, 0
0.24, 0.02, 2170, 0
0.18, 0.02, 2176, 0
0.24, 0.02, 2180, 0
0.3, 0.02, 2186, 0
0.24, 0.02, 2193, 0
0.24, 0.02, 2199, 0
0.24, 0.02, 2205, 0
0.24, 0.02, 2211, 0
0.24, 0.02, 2217, 0
0.3, 0.02, 2223, 0
0.3, 0.02, 2230, 0
0.24, 0.02, 2237, 0
0.24, 0.02, 2243, 0
0.3, 0.02, 2249, 0
0.3, 0.02, 2256, 0
0.24, 0.02, 2263, 0
0.24, 0.02, 2269, 0
0.24, 0.02, 2275, 0
0.24, 0.02, 2281, 0
0.24, 0.02, 2287, 0
0.3, 0.02, 2293, 0
0.24, 0.02, 2300, 0
0.24, 0.02, 2306, 0
0.24, 0.02, 2312, 0
0.24, 0.02, 2318, 0
0.24, 0.02, 2324, 0
0.3, 0.02, 2330, 0
0.24, 0.02, 2337, 0
0.24, 0.02, 2343, 0
0.24, 0.02, 2349, 0
0.3, 0.02, 2349, 0
0.12, 0.02, 2349, 7661
0.12, 0.02, 2349, 3245
0.18, 0.02, 2349, 3198
0.12, 0.02, 2349, 4757
0.18, 0.02, 2349, 3138
0.12, 0.02, 2349, 4697
0.18, 0.02, 2349, 3137
0.18, 0.02, 2349, 4766
0.12, 0.02, 2349, 4646
0.12, 0.02, 2349, 3083
0.18, 0.02, 2349, 3120
0.12, 0.02, 2349, 4601
0.18, 0.02, 2349, 3053
0.18, 0.02, 2349, 4675
0.12, 0.02, 2349, 4546
0.18, 0.02, 2349, 3064
0.18, 0.02, 2349, 4625
0.12, 0.02, 2349, 4599
0.18, 0.02, 2349, 3098
0.18, 0.02, 2349, 4640
0.12, 0.02, 2349, 4638
0.18, 0.02, 2349, 3077
0.12, 0.02, 2349, 4668
0.12, 0.02, 2349, 3140
0.18, 0.02, 2349, 3134
0.12, 0.02, 2349, 4701
0.18, 0.02, 2349, 3216
0.12, 0.02, 2349, 4658
0.18, 0.02, 2349, 3148
0.12, 0.02, 2349, 4681
0.18, 0.02, 2349, 3080
0.12, 0.02, 2349, 4667
0.18, 0.02, 2349, 3118
0.18, 0.02, 2349, 4874
0.18, 0.02, 2349, 4575
0.12, 0.02, 2349, 4702
0.18, 0.02, 2349, 3189
0.24, 0.02, 2349, 4759
0.18, 0.02, 2349, 6422
0.18, 0.02, 2349, 4686
0.18, 0.02, 2349, 4618
0.18, 0.02, 2349, 4653
0.18, 0.02, 2349, 4823
0.18, 0.02, 2349, 4696
0.18, 0.02, 2349, 4708
0.18, 0.02, 2349, 4903
0.12, 0.02, 2349, 4664
0.18, 0.02, 2349, 3005
0.12, 0.02, 2349, 4644
0.18, 0.02, 2349, 3068
0.18, 0.02, 2349, 4758
0.12, 0.02, 2349, 4716
0.18, 0.02, 2349, 3146
0.18, 0.02, 2349, 4663
0.12, 0.02, 2349, 4678
0.18, 0.02, 2349, 3184
0.18, 0.02, 2349, 4668
0.12, 0.02, 2349, 4699
0.18, 0.02, 2349, 3107
0.12, 0.02, 2349, 4671
0.12, 0.02, 2349, 3055
0.18, 0.02, 2349, 3244
0.18, 0.02, 2349, 4719
0.12, 0.02, 2349, 4814
0.18, 0.02, 2349, 3159
0.12, 0.02, 2349, 4756
0.18, 0.02, 2349, 3200
0.12, 0.02, 2349, 4683
0.12, 0.02, 2349, 3043
0.24, 0.02, 2349, 3207
0.18, 0.02, 2349, 6230
0.12, 0.02, 2349, 4705
0.18, 0.02, 2349, 3167
0.12, 0.02, 2349, 4740
0.18, 0.02, 2349, 3335
0.18, 0.02, 2349, 4680
0.18, 0.02, 2349, 4785
0.12, 0.02, 2349, 4671
0.12, 0.02, 2349, 3168
0.18, 0.02, 2349, 3304
0.12, 0.02, 2349, 4681
0.18, 0.02, 2349, 3232
0.18, 0.02, 2349, 4603
0.12, 0.02, 2349, 4671
0.12, 0.02, 2349, 3105
0.18, 0.02, 2349, 3132
0.12, 0.02, 2349, 4587
0.18, 0.02, 2349, 3090
0.12, 0.02, 2349, 4700
0.18, 0.02, 2349, 3102
0.12, 0.02, 2349, 4698
0.18, 0.02, 2349, 3144
0.12, 0.02, 2349, 4643
0.18, 0.02, 2349, 3157
0.12, 0.02, 2349, 4757
0.18, 0.02, 2349, 3260
0.18, 0.02, 2349, 4745
0.12, 0.02, 2349, 4952
0.12, 0.02, 2349, 3064
0.18, 0.02, 2349, 3163
0.12, 0.02, 2349, 4814
0.18, 0.02, 2349, 3313
0.12, 0.02, 2349, 4954
0.18, 0.02, 2349, 3121
0.12, 0.02, 2349, 4679
0.18, 0.02, 2349, 3176
0.12, 0.02, 2349, 4816
0.18, 0.02, 2349, 3132
0.18, 0.02, 2349, 4795
0.12, 0.02, 2349, 4745
0.18, 0.02, 2349, 3208
0.12, 0.02, 2349, 4911
0.18, 0.02, 2352, 3055
0.24, 0.02, 2357, 0
0.3, 0.02, 2363, 0
0.3, 0.02, 2371, 0
0.24, 0.02, 2379, 0
0.3, 0.02, 2385, 0
0.3, 0.02, 2393, 0
0.24, 0.02, 2401, 0
0.3, 0.02, 2407, 0
0.3, 0.02, 2415, 0
0.24, 0.02, 2423, 0
0.3, 0.02, 2429, 0
0.3, 0.02, 2437, 0
0.3, 0.02, 2445, 0
0.3, 0.02, 2453, 0
0.24, 0.02, 2461, 0
0.3, 0.02, 2467, 0
0.24, 0.02, 2475, 0
0.3, 0.02, 2481, 0
0.3, 0.02, 2489, 0
0.3, 0.02, 2497, 0
0.24, 0.02, 2505, 0
0.3, 0.02, 2512, 0
0.3, 0.02, 2520, 0
0.3, 0.02, 2528, 0
0.24, 0.02, 2536, 0
0.3, 0.02, 2543, 0
0.3, 0.02, 2551, 0
0.3, 0.02, 2559, 0
0.24, 0.02, 2567, 0
0.3, 0.02, 2574, 0
0.3, 0.02, 2582, 0
0.24, 0.02, 2590, 0
0.3, 0.02, 2597, 0
0.3, 0.02, 2605, 0
0.3, 0.02, 2613, 0
0.24, 0.02, 2621, 0
0.3, 0.02, 2628, 0
0.3, 0.02, 2636, 0
0.3, 0.02, 2644, 0
0.3, 0.02, 2652, 0
0.3, 0.02, 2660, 0
0.3, 0.02, 2668, 0
0.24, 0.02, 2677, 0
0.36, 0.02, 2684, 0
0.3, 0.02, 2694, 0
0.36, 0.02, 2703, 0
0.3, 0.02, 2713, 0
0.36, 0.02, 2722, 0
0.3, 0.02, 2732, 0
0.3, 0.02, 2741, 0
0.3, 0.02, 2750, 0
0.36, 0.02, 2759, 0
0.3, 0.02, 2769, 0
0.3, 0.02, 2778, 0
0.3, 0.02, 2787, 0
0.36, 0.02, 2796, 0
0.3, 0.02, 2807, 0
0.3, 0.02, 2816, 0
0.3, 0.02, 2825, 0
0.36, 0.02, 2834, 0
0.3, 0.02, 2845, 0
0.36, 0.02, 2854, 0
0.36, 0.02, 2865, 0
0.3, 0.02, 2876, 0
0.3, 0.02, 2885, 0
0.36, 0.02, 2894, 0
0.3, 0.02, 2905, 0
0.3, 0.02, 2914, 0
0.36, 0.02, 2923, 0
0.36, 0.02, 2934, 0
0.36, 0.02, 2945, 0
0.3, 0.02, 2956, 0
0.36, 0.02, 2965, 0
0.3, 0.02, 2976, 0
0.36, 0.02, 2985, 0
0.3, 0.02, 2996, 0
0.36, 0.02, 3005, 0
0.36, 0.02, 3016, 0
0.36, 0.02, 3027, 0
0.3, 0.02, 3038, 0
0.42, 0.02, 3048, 0
0.3, 0.02, 3061, 0
0.36, 0.02, 3071, 0
0.36, 0.02, 3083, 0
0.42, 0.02, 3095, 0
0.36, 0.02, 3108, 0
0.36, 0.02, 3120, 0
0.36, 0.02, 3132, 0
0.36, 0.02, 3144, 0
0.36, 0.02, 3156, 0
0.36, 0.02, 3168, 0
0.42, 0.02, 3180, 0
0.36, 0.02, 3194, 0
0.36, 0.02, 3206, 0
0.36, 0.02, 3218, 0
0.42, 0.02, 3230, 0
0.42, 0.02, 3244, 0
0.36, 0.02, 3258, 0
0.42, 0.02, 3270, 0
0.36, 0.02, 3284, 0
0.42, 0.02, 3296, 0
0.42, 0.02, 3310, 0
0.36, 0.02, 3324, 0
0.42, 0.02, 3336, 0
0.36, 0.02, 3351, 0
0.42, 0.02, 3364, 0
0.48, 0.02, 3379, 0
0.42, 0.02, 3396, 0
0.42, 0.02, 3411, 0
0.42, 0.02, 3426, 0
0.42, 0.02, 3441, 0
0.42, 0.02, 3456, 0
0.42, 0.02, 3471, 0
0.48, 0.02, 3486, 0
0.42, 0.02, 3503, 0
0.48, 0.02, 3518, 0
0.36, 0.02, 3535, 0
0.48, 0.02, 3548, 0
0.36, 0.02, 3566, 0
0.42, 0.02, 3579, 0
0.48, 0.02, 3595, 0
0.42, 0.02, 3613, 0
0.42, 0.02, 3629, 0
0.42, 0.02, 3645, 0
0.42, 0.02, 3661, 0
0.42, 0.02, 3677, 0
0.42, 0.02, 3693, 0
0.42, 0.02, 3709, 0
0.42, 0.02, 3725, 0
0.42, 0.02, 3741, 0
0.42, 0.02, 3757, 0
0.42, 0.02, 3773, 0
0.48, 0.02, 3773, 0
0.12, 0.02, 3773, 29481
0.18, 0.02, 3773, 7401
0.18, 0.02, 3773, 11029
0.24, 0.02, 3773, 11257
0.18, 0.02, 3773, 14518
0.24, 0.02, 3773, 11059
0.18, 0.02, 3773, 14653
0.24, 0.02, 3773, 11209
0.18, 0.02, 3773, 14731
0.24, 0.02, 3773, 11101
0.18, 0.02, 3773, 14831
0.24, 0.02, 3773, 11314
0.18, 0.02, 3773, 14954
0.24, 0.02, 3773, 11012
0.24, 0.02, 3773, 15059
0.24, 0.02, 3773, 14515
0.18, 0.02, 3773, 14780
0.24, 0.02, 3773, 11322
0.24, 0.02, 3773, 14753
0.24, 0.02, 3773, 14963
0.24, 0.02, 3773, 14932
0.3, 0.02, 3773, 14815
0.18, 0.02, 3773, 18335
0.24, 0.02, 3773, 11190
0.24, 0.02, 3773, 14689
0.24, 0.02, 3773, 14784
0.18, 0.02, 3773, 14994
0.24, 0.02, 3773, 11104
0.18, 0.02, 3773, 14990
0.24, 0.02, 3773, 11199
0.24, 0.02, 3773, 14911
0.24, 0.02, 3773, 14992
0.18, 0.02, 3773, 14975
0.18, 0.02, 3773, 11206
0.24, 0.02, 3773, 11291
0.18, 0.02, 3773, 14898
0.24, 0.02, 3773, 11178
0.18, 0.02, 3773, 14799
0.18, 0.02, 3773, 11140
0.24, 0.02, 3773, 11310
0.18, 0.02, 3773, 15111
0.24, 0.02, 3773, 11294
0.18, 0.02, 3773, 15178
0.24, 0.02, 3773, 11393
0.18, 0.02, 3773, 14937
0.24, 0.02, 3773, 10986
0.18, 0.02, 3773, 15107
0.24, 0.02, 3773, 11399
0.18, 0.02, 3773, 14989
0.24, 0.02, 3773, 11494
0.24, 0.02, 3773, 14846
0.18, 0.02, 3773, 15356
0.24, 0.02, 3773, 11361
0.18, 0.02, 3773, 15098
0.24, 0.02, 3773, 11054
0.18, 0.02, 3773, 14928
0.18, 0.02, 3773, 11255
0.24, 0.02, 3773, 11129
0.18, 0.02, 3773, 14875
0.24, 0.02, 3773, 11298
0.18, 0.02, 3773, 14981
0.18, 0.02, 3773, 11321
0.24, 0.02, 3773, 11300
0.24, 0.02, 3773, 15033
0.18, 0.02, 3773, 15151
0.18, 0.02, 3773, 11264
0.24, 0.02, 3773, 11271
0.18, 0.02, 3773, 14936
0.24, 0.02, 3773, 11317
0.18, 0.02, 3783, 15248
0.48, 0.02, 3790, 0
0.48, 0.02, 3809, 0
0.48, 0.02, 3828, 0
0.48, 0.02, 3847, 0
0.48, 0.02, 3866, 0
0.54, 0.02, 3885, 0
0.48, 0.02, 3906, 0
0.48, 0.02, 3925, 0
0.48, 0.02, 3944, 0
0.48, 0.02, 3963, 0
0.48, 0.02, 3983, 0
0.54, 0.02, 4003, 0
0.48, 0.02, 4025, 0
0.48, 0.02, 4045, 0
0.48, 0.02, 4065, 0
0.54, 0.02, 4085, 0
0.48, 0.02, 4108, 0
0.54, 0.02, 4128, 0
0.48, 0.02, 4151, 0
0.54, 0.02, 4171, 0
0.48, 0.02, 4194, 0
0.54, 0.02, 4215, 0
0.54, 0.02, 4238, 0
0.48, 0.02, 4261, 0
0.54, 0.02, 4282, 0
0.54, 0.02, 4306, 0
0.6, 0.02, 4330, 0
0.6, 0.02, 4356, 0
0.6, 0.02, 4383, 0
0.54, 0.02, 4410, 0
0.6, 0.02, 4434, 0
0.54, 0.02, 4461, 0
0.54, 0.02, 4486, 0
0.6, 0.02, 4511, 0
0.6, 0.02, 4539, 0
0.6, 0.02, 4567, 0
0.54, 0.02, 4595, 0
0.6, 0.02, 4620, 0
0.6, 0.02, 4620, 0
0.24, 0.02, 4620, 54360
0.18, 0.02, 4620, 22181
0.24, 0.02, 4620, 16473
0.24, 0.02, 4620, 21599
0.24, 0.02, 4620, 21581
0.24, 0.02, 4620, 21814
0.24, 0.02, 4620, 21514
0.24, 0.02, 4620, 21839
0.3, 0.02, 4620, 21629
0.24, 0.02, 4620, 27424
0.24, 0.02, 4620, 22361
0.24, 0.02, 4620, 22123
0.3, 0.02, 4620, 21586
0.24, 0.02, 4620, 27446
0.24, 0.02, 4620, 22069
0.24, 0.02, 4620, 21935
0.3, 0.02, 4620, 21743
0.24, 0.02, 4620, 27045
0.24, 0.02, 4620, 21720
0.24, 0.02, 4620, 22035
0.3, 0.02, 4620, 21845
0.24, 0.02, 4620, 27070
0.24, 0.02, 4620, 21706
0.3, 0.02, 4620, 22072
0.3, 0.02, 4620, 27434
0.24, 0.02, 4620, 27913
0.24, 0.02, 4620, 21707
0.24, 0.02, 4620, 21717
0.3, 0.02, 4620, 21908
0.18, 0.02, 4620, 27359
0.24, 0.02, 4620, 16817
0.24, 0.02, 4620, 21760
0.3, 0.02, 4620, 22116
0.24, 0.02, 4620, 27184
0.24, 0.02, 4620, 22075
0.24, 0.02, 4620, 22127
0.3, 0.02, 4620, 22308
0.24, 0.02, 4620, 27557
0.24, 0.02, 4620, 22397
0.24, 0.02, 4620, 21630
0.24, 0.02, 4620, 21972
0.24, 0.02, 4620, 21980
0.24, 0.02, 4620, 22407
0.24, 0.02, 4620, 22425
0.24, 0.02, 4620, 21895
0.24, 0.02, 4620, 22419
0.24, 0.02, 4620, 22089
0.24, 0.02, 4620, 22587
0.24, 0.02, 4620, 22536
0.24, 0.02, 4620, 22533
0.24, 0.02, 4620, 22314
0.24, 0.02, 4620, 22173
0.24, 0.02, 4620, 22330
0.3, 0.02, 4620, 22157
0.24, 0.02, 4620, 27595
0.24, 0.02, 4620, 22038
0.24, 0.02, 4620, 22341
0.24, 0.02, 4620, 22768
0.24, 0.02, 4620, 22311
0.24, 0.02, 4620, 22251
0.24, 0.02, 4620, 22118
0.24, 0.02, 4620, 21900
0.24, 0.02, 4620, 22383
0.24, 0.02, 4620, 22473
0.24, 0.02, 4620, 22601
0.3, 0.02, 4620, 22481
0.24, 0.02, 4620, 28249
0.24, 0.02, 4620, 22413
0.3, 0.02, 4620, 22301
0.3, 0.02, 4620, 28155
0.24, 0.02, 4620, 27818
0.24, 0.02, 4620, 22319
0.3, 0.02, 4620, 22500
0.24, 0.02, 4620, 28211
0.24, 0.02, 4620, 22356
0.24, 0.02, 4620, 22679
0.24, 0.02, 4620, 22525
0.3, 0.02, 4620, 22487
0.24, 0.02, 4620, 28290
0.24, 0.02, 4620, 22722
0.24, 0.02, 4620, 22585
0.24, 0.02, 4620, 22403
0.24, 0.02, 4620, 22303
0.24, 0.02, 4620, 22822
0.24, 0.02, 4620, 22713
0.3, 0.02, 4620, 22757
0.24, 0.02, 4620, 28381
0.18, 0.02, 4620, 22703
0.3, 0.02, 4620, 16899
0.24, 0.02, 4620, 28357
0.24, 0.02, 4620, 22897
0.24, 0.02, 4620, 22437
0.24, 0.02, 4620, 22964
0.24, 0.02, 4620, 22898
0.24, 0.02, 4620, 22876
0.24, 0.02, 4620, 22490
0.24, 0.02, 4620, 22887
0.24, 0.02, 4620, 22474
0.24, 0.02, 4620, 22788
0.24, 0.02, 4620, 23022
0.24, 0.02, 4620, 22739
0.24, 0.02, 4620, 22710
0.24, 0.02, 4620, 22802
0.24, 0.02, 4620, 22706
0.24, 0.02, 4620, 23010
0.3, 0.02, 4620, 22842
0.24, 0.02, 4620, 28957
0.3, 0.02, 4620, 22955
0.24, 0.02, 4620, 28931
0.24, 0.02, 4620, 22807
0.24, 0.02, 4620, 22545
0.24, 0.02, 4620, 22988
0.24, 0.02, 4620, 23143
0.24, 0.02, 4620, 23001
0.3, 0.02, 4620, 23222
0.24, 0.02, 4620, 28741
0.3, 0.02, 4620, 22765
0.3, 0.02, 4620, 28863
0.24, 0.02, 4620, 28787
0.24, 0.02, 4620, 23310
0.3, 0.02, 4620, 22930
0.24, 0.02, 4620, 28704
0.24, 0.02, 4620, 23195
0.24, 0.02, 4620, 23235
0.3, 0.02, 4620, 23279
0.24, 0.02, 4620, 28594
0.24, 0.02, 4620, 23061
0.18, 0.02, 4620, 22951
0.3, 0.02, 4620, 17435
0.24, 0.02, 4620, 28678
0.24, 0.02, 4620, 22721
0.24, 0.02, 4620, 23443
0.24, 0.02, 4620, 23139
0.24, 0.02, 4620, 23426
0.24, 0.02, 4620, 23577
0.24, 0.02, 4620, 23079
0.24, 0.02, 4620, 23164
0.24, 0.02, 4620, 23090
0.24, 0.02, 4620, 23391
0.24, 0.02, 4620, 23172
0.24, 0.02, 4620, 23319
0.24, 0.02, 4620, 23451
0.24, 0.02, 4620, 22959
0.24, 0.02, 4620, 23211
0.24, 0.02, 4620, 23113
0.24, 0.02, 4620, 23392
0.24, 0.02, 4620, 23451
0.24, 0.02, 4620, 23250
0.24, 0.02, 4620, 23512
0.24, 0.02, 4620, 23401
0.24, 0.02, 4620, 23334
0.24, 0.02, 4620, 23468
0.24, 0.02, 4620, 23209
0.24, 0.02, 4620, 23622
0.24, 0.02, 4620, 23531
0.24, 0.02, 4620, 23538
0.24, 0.02, 4620, 23582
0.24, 0.02, 4620, 23172
0.24, 0.02, 4620, 23364
0.24, 0.02, 4620, 23457
0.24, 0.02, 4620, 23687
0.24, 0.02, 4620, 23588
0.24, 0.02, 4620, 23552
0.3, 0.02, 4620, 23338
0.24, 0.02, 4620, 29187
0.24, 0.02, 4620, 23567
0.24, 0.02, 4620, 23460
0.3, 0.02, 4620, 23329
0.24, 0.02, 4620, 29279
0.3, 0.02, 4620, 23723
0.24, 0.02, 4620, 29268
0.24, 0.02, 4620, 23541
0.24, 0.02, 4620, 23451
0.24, 0.02, 4620, 23178
0.24, 0.02, 4620, 23553
0.24, 0.02, 4620, 23791
0.24, 0.02, 4620, 23860
0.24, 0.02, 4620, 23774
0.24, 0.02, 4620, 23562
0.24, 0.02, 4620, 23901
0.24, 0.02, 4620, 23500
0.24, 0.02, 4620, 23254
0.24, 0.02, 4620, 23366
0.24, 0.02, 4620, 23772
0.24, 0.02, 4620, 23560
0.24, 0.02, 4620, 23750
0.24, 0.02, 4620, 23657
0.24, 0.02, 4620, 23557
0.24, 0.02, 4620, 23684
0.24, 0.02, 4620, 24040
0.24, 0.02, 4620, 23418
0.24, 0.02, 4620, 23829
0.24, 0.02, 4620, 23353
0.24, 0.02, 4620, 23979
0.3, 0.02, 4620, 23981
0.24, 0.02, 4620, 29691
0.18, 0.02, 4620, 24082
0.24, 0.02, 4620, 18177
0.3, 0.02, 4620, 23763
0.24, 0.02, 4620, 29806
0.24, 0.02, 4620, 23886
0.18, 0.02, 4620, 24075
0.3, 0.02, 4620, 17603
0.24, 0.02, 4620, 29277
0.24, 0.02, 4620, 24063
0.24, 0.02, 4620, 23951
0.24, 0.02, 4620, 23928
0.24, 0.02, 4620, 23925
0.24, 0.02, 4620, 23774
0.24, 0.02, 4620, 24207
0.24, 0.02, 4620, 24023
0.24, 0.02, 4620, 23654
0.24, 0.02, 4620, 24170
0.3, 0.02, 4620, 24038
0.24, 0.02, 4620, 30098
0.24, 0.02, 4620, 24008
0.3, 0.02, 4620, 23915
0.3, 0.02, 4620, 30277
0.3, 0.02, 4620, 29891
0.24, 0.02, 4620, 29848
0.3, 0.02, 4620, 23966
0.3, 0.02, 4620, 29751
0.24, 0.02, 4620, 29758
0.24, 0.02, 4620, 24298
0.24, 0.02, 4620, 24176
0.24, 0.02, 4620, 24098
0.24, 0.02, 4620, 24405
0.24, 0.02, 4620, 24030
0.24, 0.02, 4620, 23927
0.24, 0.02, 4620, 23835
0.36, 0.02, 4620, 24083
0.24, 0.02, 4620, 35868
0.24, 0.02, 4620, 23801
0.24, 0.02, 4620, 23945
0.3, 0.02, 4620, 24160
0.3, 0.02, 4620, 30238
0.24, 0.02, 4620, 30143
0.3, 0.02, 4620, 24125
0.3, 0.02, 4620, 30355
0.24, 0.02, 4620, 30305
0.24, 0.02, 4620, 24486
0.24, 0.02, 4620, 24527
0.3, 0.02, 4620, 24081
0.24, 0.02, 4620, 30550
0.24, 0.02, 4620, 24157
0.24, 0.02, 4620, 24036
0.24, 0.02, 4620, 24131
0.24, 0.02, 4620, 24188
0.24, 0.02, 4620, 24204
0.24, 0.02, 4620, 24378
0.3, 0.02, 4620, 23911
0.24, 0.02, 4620, 30271
0.24, 0.02, 4620, 24155
0.24, 0.02, 4620, 24490
0.24, 0.02, 4620, 24266
0.24, 0.02, 4620, 24700
0.24, 0.02, 4620, 24114
0.24, 0.02, 4620, 24230
0.3, 0.02, 4620, 24365
0.18, 0.02, 4620, 30723
0.3, 0.02, 4620, 18277
0.3, 0.02, 4620, 30764
0.24, 0.02, 4620, 30462
0.24, 0.02, 4620, 24585
0.3, 0.02, 4620, 24865
0.3, 0.02, 4620, 30854
0.24, 0.02, 4620, 30557
0.3, 0.02, 4620, 24810
0.3, 0.02, 4620, 30758
0.24, 0.02, 4620, 30489
0.24, 0.02, 4620, 24659
0.24, 0.02, 4620, 24744
0.3, 0.02, 4620, 24479
0.24, 0.02, 4620, 30562
0.24, 0.02, 4620, 24713
0.24, 0.02, 4620, 24666
0.3, 0.02, 4620, 24708
0.24, 0.02, 4620, 30998
0.24, 0.02, 4620, 24738
0.24, 0.02, 4620, 24804
0.24, 0.02, 4620, 24819
0.24, 0.02, 4620, 24330
0.24, 0.02, 4620, 24829
0.24, 0.02, 4620, 24834
0.3, 0.02, 4620, 24627
0.24, 0.02, 4620, 30908
0.24, 0.02, 4620, 24669
0.24, 0.02, 4620, 24399
0.24, 0.02, 4620, 24471
0.24, 0.02, 4620, 24730
0.24, 0.02, 4620, 24292
0.24, 0.02, 4620, 24878
0.24, 0.02, 4620, 24565
0.3, 0.02, 4620, 24967
0.24, 0.02, 4620, 31254
0.24, 0.02, 4620, 24556
0.3, 0.02, 4620, 24981
0.24, 0.02, 4620, 30891
0.18, 0.02, 4620, 24814
0.24, 0.02, 4620, 18670
0.3, 0.02, 4620, 24758
0.24, 0.02, 4620, 30905
0.24, 0.02, 4620, 24865
0.24, 0.02, 4620, 24495
0.24, 0.02, 4620, 24690
0.24, 0.02, 4620, 25012
0.24, 0.02, 4620, 24338
0.24, 0.02, 4620, 24691
0.3, 0.02, 4620, 25070
0.24, 0.02, 4620, 31140
0.24, 0.02, 4620, 25085
0.24, 0.02, 4620, 24773
0.24, 0.02, 4620, 24801
0.3, 0.02, 4620, 25056
0.24, 0.02, 4620, 31001
0.24, 0.02, 4620, 25171
0.3, 0.02, 4620, 24586
0.24, 0.02, 4620, 31225
0.24, 0.02, 4620, 25046
0.24, 0.02, 4620, 24861
0.3, 0.02, 4632, 25070
0.54, 0.02, 4646, 0
0.6, 0.02, 4672, 0
0.6, 0.02, 4701, 0
0.6, 0.02, 4730, 0
0.6, 0.02, 4759, 0
0.6, 0.02, 4788, 0
0.6, 0.02, 4817, 0
0.6, 0.02, 4846, 0
0.72, 0.02, 4876, 0
0.6, 0.02, 4912, 0
0.66, 0.02, 4942, 0
0.72, 0.02, 4975, 0
0.6, 0.02, 5011, 0
0.66, 0.02, 5042, 0
0.66, 0.02, 5076, 0
0.66, 0.02, 5110, 0
0.66, 0.02, 5144, 0
0.72, 0.02, 5178, 0
0.66, 0.02, 5216, 0
0.72, 0.02, 5251, 0
0.72, 0.02, 5289, 0
0.66, 0.02, 5328, 0
0.72, 0.02, 5364, 0
0.78, 0.02, 5403, 0
0.72, 0.02, 5446, 0
0.72, 0.02, 5486, 0
0.72, 0.02, 5526, 0
0.78, 0.02, 5566, 0
0.84, 0.02, 5610, 0
0.78, 0.02, 5658, 0
0.78, 0.02, 5703, 0
0.84, 0.02, 5748, 0
0.9, 0.02, 5748, 0
0.36, 0.02, 5748, 137288
0.18, 0.02, 5748, 55807
0.24, 0.02, 5748, 27664
0.3, 0.02, 5748, 37103
0.3, 0.02, 5748, 46302
0.24, 0.02, 5748, 46114
0.3, 0.02, 5748, 36609
0.3, 0.02, 5748, 45758
0.3, 0.02, 5748, 45988
0.24, 0.02, 5748, 46514
0.3, 0.02, 5748, 36938
0.3, 0.02, 5748, 45795
0.24, 0.02, 5748, 46360
0.3, 0.02, 5748, 36918
0.3, 0.02, 5748, 46566
0.3, 0.02, 5748, 46845
0.36, 0.02, 5748, 46274
0.42, 0.02, 5748, 55534
0.3, 0.02, 5748, 64519
0.36, 0.02, 5748, 46648
0.36, 0.02, 5748, 55575
0.3, 0.02, 5748, 55704
0.24, 0.02, 5748, 46640
0.3, 0.02, 5748, 37151
0.3, 0.02, 5748, 46038
0.3, 0.02, 5748, 46322
0.3, 0.02, 5748, 46667
0.3, 0.02, 5748, 46884
0.3, 0.02, 5748, 46830
0.3, 0.02, 5748, 46495
0.3, 0.02, 5748, 46697
0.24, 0.02, 5748, 46727
0.3, 0.02, 5748, 37394
0.24, 0.02, 5748, 47170
0.3, 0.02, 5748, 37541
0.3, 0.02, 5748, 46973
0.3, 0.02, 5748, 46794
0.42, 0.02, 5748, 47125
0.3, 0.02, 5748, 65010
0.3, 0.02, 5748, 46537
0.36, 0.02, 5748, 46711
0.24, 0.02, 5748, 56376
0.3, 0.02, 5748, 37665
0.36, 0.02, 5748, 47165
0.3, 0.02, 5748, 56317
0.3, 0.02, 5748, 46960
0.24, 0.02, 5748, 47359
0.36, 0.02, 5748, 37836
0.24, 0.02, 5748, 56736
0.3, 0.02, 5748, 37675
0.3, 0.02, 5748, 47228
0.3, 0.02, 5748, 47214
0.3, 0.02, 5748, 47403
0.3, 0.02, 5748, 47020
0.3, 0.02, 5748, 46709
0.3, 0.02, 5748, 47683
0.24, 0.02, 5748, 47027
0.36, 0.02, 5748, 37997
0.24, 0.02, 5748, 57178
0.3, 0.02, 5748, 37760
0.3, 0.02, 5748, 47530
0.3, 0.02, 5748, 48000
0.24, 0.02, 5748, 46910
0.3, 0.02, 5748, 38274
0.3, 0.02, 5748, 47938
0.3, 0.02, 5748, 47811
0.3, 0.02, 5748, 47197
0.3, 0.02, 5748, 47439
0.24, 0.02, 5748, 47440
0.3, 0.02, 5748, 37854
0.3, 0.02, 5748, 46890
0.3, 0.02, 5748, 47550
0.3, 0.02, 5748, 47911
0.3, 0.02, 5748, 48231
0.3, 0.02, 5748, 48086
0.3, 0.02, 5748, 47739
0.36, 0.02, 5748, 47895
0.3, 0.02, 5748, 57455
0.3, 0.02, 5748, 48203
0.3, 0.02, 5748, 47898
0.3, 0.02, 5748, 48179
0.3, 0.02, 5748, 47873
0.3, 0.02, 5748, 48086
0.3, 0.02, 5748, 47953
0.3, 0.02, 5748, 48458
0.3, 0.02, 5748, 47983
0.3, 0.02, 5748, 47788
0.3, 0.02, 5748, 48568
0.24, 0.02, 5748, 48620
0.3, 0.02, 5748, 38624
0.3, 0.02, 5748, 48292
0.3, 0.02, 5748, 48643
0.3, 0.02, 5748, 48417
0.24, 0.02, 5748, 48649
0.3, 0.02, 5748, 39036
0.3, 0.02, 5748, 48769
0.3, 0.02, 5748, 48583
0.24, 0.02, 5748, 48663
0.36, 0.02, 5748, 39086
0.24, 0.02, 5748, 57768
0.3, 0.02, 5748, 38800
0.3, 0.02, 5748, 48094
0.36, 0.02, 5748, 48742
0.24, 0.02, 5748, 58400
0.36, 0.02, 5748, 39198
0.24, 0.02, 5748, 58926
0.3, 0.02, 5748, 39075
0.3, 0.02, 5748, 48858
0.3, 0.02, 5748, 48426
0.3, 0.02, 5748, 49151
0.24, 0.02, 5748, 49077
0.3, 0.02, 5748, 38634
0.3, 0.02, 5748, 48772
0.3, 0.02, 5748, 48660
0.3, 0.02, 5748, 48985
0.3, 0.02, 5766, 48504
0.84, 0.02, 5784, 0
0.78, 0.02, 5833, 0
0.84, 0.02, 5879, 0
0.84, 0.02, 5929, 0
0.78, 0.02, 5979, 0
0.84, 0.02, 6026, 0
0.84, 0.02, 6077, 0
0.84, 0.02, 6129, 0
0.84, 0.02, 6181, 0
0.84, 0.02, 6233, 0
0.84, 0.02, 6286, 0
0.9, 0.02, 6339, 0
0.84, 0.02, 6397, 0
0.96, 0.02, 6451, 0
0.96, 0.02, 6513, 0
0.96, 0.02, 6576, 0
1.02, 0.02, 6640, 0
1.02, 0.02, 6708, 0
1.08, 0.02, 6777, 0
1.02, 0.02, 6851, 0
0.96, 0.02, 6921, 0
1.08, 0.02, 6988, 0
1.02, 0.02, 7064, 0
1.08, 0.02, 7064, 0
0.36, 0.02, 7064, 253584
0.24, 0.02, 7064, 85138
0.3, 0.02, 7064, 57029
0.3, 0.02, 7064, 70791
0.36, 0.02, 7064, 70554
0.36, 0.02, 7064, 84977
0.36, 0.02, 7064, 84859
0.3, 0.02, 7064, 84264
0.36, 0.02, 7064, 70654
0.36, 0.02, 7064, 85216
0.42, 0.02, 7064, 85109
0.36, 0.02, 7064, 99021
0.42, 0.02, 7064, 85669
0.36, 0.02, 7064, 99692
0.42, 0.02, 7064, 86205
0.36, 0.02, 7064, 98691
0.36, 0.02, 7064, 86508
0.36, 0.02, 7064, 85516
0.36, 0.02, 7064, 85699
0.36, 0.02, 7064, 85617
0.36, 0.02, 7064, 85422
0.36, 0.02, 7064, 86196
0.36, 0.02, 7064, 85806
0.3, 0.02, 7064, 85452
0.36, 0.02, 7064, 71186
0.36, 0.02, 7064, 85857
0.3, 0.02, 7064, 85991
0.36, 0.02, 7064, 72639
0.36, 0.02, 7064, 85776
0.3, 0.02, 7064, 85225
0.36, 0.02, 7064, 72219
0.36, 0.02, 7064, 86339
0.3, 0.02, 7064, 86155
0.42, 0.02, 7064, 71441
0.3, 0.02, 7064, 100676
0.36, 0.02, 7064, 72571
0.3, 0.02, 7064, 86813
0.36, 0.02, 7064, 72341
0.3, 0.02, 7064, 86483
0.36, 0.02, 7064, 72802
0.3, 0.02, 7064, 86324
0.36, 0.02, 7064, 72076
0.36, 0.02, 7064, 86244
0.36, 0.02, 7064, 86791
0.3, 0.02, 7064, 86577
0.42, 0.02, 7064, 72264
0.42, 0.02, 7064, 101380
0.42, 0.02, 7064, 101473
0.36, 0.02, 7064, 101145
0.3, 0.02, 7064, 86816
0.42, 0.02, 7064, 73075
0.3, 0.02, 7064, 102444
0.36, 0.02, 7064, 72868
0.36, 0.02, 7064, 87497
0.3, 0.02, 7064, 87492
0.36, 0.02, 7064, 72809
0.36, 0.02, 7064, 87827
0.36, 0.02, 7064, 88476
0.3, 0.02, 7064, 87966
0.36, 0.02, 7064, 73509
0.36, 0.02, 7064, 87852
0.36, 0.02, 7064, 87650
0.3, 0.02, 7064, 89435
0.36, 0.02, 7064, 74019
0.36, 0.02, 7064, 88226
0.36, 0.02, 7064, 88563
0.3, 0.02, 7064, 88469
0.42, 0.02, 7064, 73458
0.3, 0.02, 7064, 103573
0.36, 0.02, 7064, 74277
0.36, 0.02, 7064, 89239
0.3, 0.02, 7064, 89154
0.36, 0.02, 7064, 73930
0.36, 0.02, 7064, 89532
0.3, 0.02, 7064, 88723
0.36, 0.02, 7064, 74070
0.36, 0.02, 7064, 89590
0.3, 0.02, 7064, 89680
0.36, 0.02, 7064, 74930
0.36, 0.02, 7064, 89035
0.36, 0.02, 7064, 89578
0.48, 0.02, 7064, 89244
0.3, 0.02, 7064, 119773
0.36, 0.02, 7064, 74947
0.36, 0.02, 7064, 89710
0.36, 0.02, 7064, 90649
0.3, 0.02, 7064, 90091
0.36, 0.02, 7064, 75065
0.36, 0.02, 7064, 90346
0.3, 0.02, 7064, 89836
0.36, 0.02, 7064, 75768
0.36, 0.02, 7064, 90725
0.36, 0.02, 7064, 91276
0.36, 0.02, 7064, 90371
0.3, 0.02, 7064, 90037
0.36, 0.02, 7064, 75587
0.36, 0.02, 7064, 90418
0.36, 0.02, 7064, 90232
0.36, 0.02, 7064, 90782
0.36, 0.02, 7064, 90962
0.3, 0.02, 7064, 90879
0.36, 0.02, 7064, 76693
0.36, 0.02, 7090, 91179
1.02, 0.02, 7116, 0
1.08, 0.02, 7189, 0
1.02, 0.02, 7267, 0
1.2, 0.02, 7342, 0
1.14, 0.02, 7431, 0
1.2, 0.02, 7516, 0
1.14, 0.02, 7607, 0
1.2, 0.02, 7694, 0
1.2, 0.02, 7787, 0
1.2, 0.02, 7881, 0
1.26, 0.02, 7976, 0
1.26, 0.02, 8077, 0
1.26, 0.02, 8179, 0
1.32, 0.02, 8283, 0
1.38, 0.02, 8393, 0
1.26, 0.02, 8509, 0
1.32, 0.02, 8617, 0
1.26, 0.02, 8731, 0
1.38, 0.02, 8842, 0
1.38, 0.02, 8965, 0
1.44, 0.02, 9089, 0
1.5, 0.02, 9089, 0
0.6, 0.02, 9089, 585249
0.48, 0.02, 9089, 238805
0.42, 0.02, 9089, 189658
0.42, 0.02, 9089, 166967
0.48, 0.02, 9089, 165454
0.42, 0.02, 9089, 190290
0.42, 0.02, 9089, 165579
0.42, 0.02, 9089, 165415
0.42, 0.02, 9089, 165312
0.48, 0.02, 9089, 165504
0.42, 0.02, 9089, 190500
0.42, 0.02, 9089, 166698
0.42, 0.02, 9089, 167077
0.42, 0.02, 9089, 167179
0.42, 0.02, 9089, 165402
0.42, 0.02, 9089, 167660
0.42, 0.02, 9089, 167125
0.42, 0.02, 9089, 166912
0.48, 0.02, 9089, 169349
0.42, 0.02, 9089, 190994
0.36, 0.02, 9089, 167562
0.48, 0.02, 9089, 144242
0.42, 0.02, 9089, 191958
0.42, 0.02, 9089, 170884
0.42, 0.02, 9089, 169016
0.48, 0.02, 9089, 169177
0.42, 0.02, 9089, 193852
0.36, 0.02, 9089, 170043
0.48, 0.02, 9089, 145381
0.36, 0.02, 9089, 193598
0.48, 0.02, 9089, 146144
0.42, 0.02, 9089, 193861
0.42, 0.02, 9089, 169853
0.48, 0.02, 9089, 169711
0.42, 0.02, 9089, 194462
0.48, 0.02, 9089, 170859
0.48, 0.02, 9089, 195177
0.48, 0.02, 9089, 196041
0.48, 0.02, 9089, 194924
0.42, 0.02, 9089, 196424
0.42, 0.02, 9089, 173092
0.48, 0.02, 9089, 171283
0.36, 0.02, 9089, 195580
0.42, 0.02, 9089, 148174
0.42, 0.02, 9089, 170075
0.42, 0.02, 9089, 172332
0.42, 0.02, 9089, 172201
0.42, 0.02, 9089, 171380
0.42, 0.02, 9089, 172889
0.42, 0.02, 9089, 173033
0.42, 0.02, 9089, 172196
0.42, 0.02, 9089, 173467
0.42, 0.02, 9089, 173097
0.42, 0.02, 9089, 173025
0.42, 0.02, 9089, 174167
0.42, 0.02, 9089, 172610
0.42, 0.02, 9089, 174454
0.42, 0.02, 9089, 173361
0.42, 0.02, 9089, 175185
0.36, 0.02, 9089, 174868
0.48, 0.02, 9089, 149019
0.42, 0.02, 9089, 199170
0.42, 0.02, 9089, 173526
0.48, 0.02, 9089, 174986
0.48, 0.02, 9089, 199161
0.48, 0.02, 9089, 199395
0.42, 0.02, 9089, 200769
0.42, 0.02, 9089, 175356
0.42, 0.02, 9089, 175372
0.42, 0.02, 9089, 176093
0.54, 0.02, 9128, 177107
1.5, 0.02, 9178, 0
1.56, 0.02, 9316, 0
1.56, 0.02, 9462, 0
1.62, 0.02, 9610, 0
1.56, 0.02, 9766, 0
1.74, 0.02, 9919, 0
1.68, 0.02, 10092, 0
1.74, 0.02, 10262, 0
1.74, 0.02, 10441, 0
1.8, 0.02, 10623, 0
1.92, 0.02, 10815, 0
1.98, 0.02, 11023, 0
2.16, 0.02, 11242, 0
2.28, 0.02, 11485, 0
2.22, 0.02, 11485, 0
1.32, 0.02, 11485, 1400800
0.9, 0.02, 11485, 841949
0.78, 0.02, 11485, 574870
0.66, 0.02, 11485, 500186
0.6, 0.02, 11485, 424668
0.6, 0.02, 11485, 387870
0.66, 0.02, 11485, 385837
0.6, 0.02, 11485, 422585
0.66, 0.02, 11485, 387273
0.72, 0.02, 11485, 426057
0.72, 0.02, 11485, 465784
0.66, 0.02, 11485, 467579
0.66, 0.02, 11485, 427176
0.6, 0.02, 11485, 429293
0.6, 0.02, 11485, 392062
0.66, 0.02, 11485, 389604
0.6, 0.02, 11485, 428195
0.6, 0.02, 11485, 390789
0.54, 0.02, 11485, 391374
0.6, 0.02, 11485, 353532
0.6, 0.02, 11485, 394724
0.6, 0.02, 11485, 392783
0.6, 0.02, 11485, 395796
0.6, 0.02, 11485, 394730
0.6, 0.02, 11485, 396944
0.6, 0.02, 11485, 397838
0.6, 0.02, 11485, 396153
0.6, 0.02, 11485, 398731
0.6, 0.02, 11485, 395623
0.78, 0.02, 11485, 399115
0.72, 0.02, 11485, 516790
0.6, 0.02, 11485, 480505
0.66, 0.02, 11485, 400477
0.66, 0.02, 11485, 440181
0.6, 0.02, 11485, 440029
0.66, 0.02, 11485, 401587
0.6, 0.02, 11485, 441211
0.6, 0.02, 11485, 403241
0.6, 0.02, 11485, 403093
0.6, 0.02, 11485, 403262
0.6, 0.02, 11485, 403605
0.6, 0.02, 11485, 406537
0.6, 0.02, 11485, 405314
0.6, 0.02, 11485, 405757
0.6, 0.02, 11485, 405044
0.6, 0.02, 11485, 405937
0.6, 0.02, 11485, 406311
0.66, 0.02, 11485, 406401
0.66, 0.02, 11485, 448677
0.96, 0.02, 11485, 449579
0.84, 0.02, 11596, 654934
2.16, 0.02, 11694, 0
2.28, 0.02, 11947, 0
2.4, 0.02, 12220, 0
2.46, 0.02, 12514, 0
2.64, 0.02, 12822, 0
2.64, 0.02, 13161, 0
2.64, 0.02, 13509, 0
2.76, 0.02, 13866, 0
2.94, 0.02, 13866, 0
2.1, 0.02, 13866, 2780663
1.62, 0.02, 13866, 2009273
1.38, 0.02, 13866, 1558561
1.26, 0.02, 13866, 1335485
1.14, 0.02, 13866, 1220872
1.02, 0.02, 13866, 1105490
1.02, 0.02, 13866, 994156
1.02, 0.02, 13866, 995517
1.02, 0.02, 13866, 999793
1.02, 0.02, 13866, 1000984
1.08, 0.02, 13866, 1002753
1.02, 0.02, 13866, 1061060
1.02, 0.02, 13866, 1005587
1.02, 0.02, 13866, 1006503
1.02, 0.02, 13866, 1013485
1.02, 0.02, 13866, 1014138
1.02, 0.02, 13866, 1017360
1.08, 0.02, 13866, 1018991
1.08, 0.02, 13866, 1079451
1.08, 0.02, 13866, 1084688
1.2, 0.02, 13866, 1087094
1.26, 0.02, 13866, 1206494
1.2, 0.02, 13866, 1272700
1.2, 0.02, 13866, 1213874
1.2, 0.02, 13866, 1219564
1.14, 0.02, 13866, 1220437
1.08, 0.02, 13866, 1166577
1.08, 0.02, 13866, 1102266
1.02, 0.02, 13866, 1110281
1.02, 0.02, 13866, 1052174
1.14, 0.02, 13866, 1050753
1.14, 0.02, 13866, 1176151
1.2, 0.02, 13866, 1179097
1.2, 0.02, 13866, 1246774
1.14, 0.02, 13866, 1246338
1.08, 0.02, 13866, 1189682
1.08, 0.02, 13866, 1126704
1.08, 0.02, 13866, 1131878
1.08, 0.02, 13866, 1129491
1.02, 0.02, 13866, 1136956
1.08, 0.02, 13866, 1073512
1.14, 0.02, 13866, 1134390
1.2, 0.02, 13866, 1206681
1.2, 0.02, 13866, 1270299
1.2, 0.02, 13866, 1275020
1.14, 0.02, 13866, 1278187
1.14, 0.02, 13866, 1220230
1.14, 0.02, 13866, 1220104
1.32, 0.02, 13866, 1220708
1.44, 0.02, 13866, 1417386
1.38, 0.02, 13866, 1549515
1.26, 0.02, 13866, 1485791
1.56, 0.02, 13866, 1365280
1.44, 0.02, 13866, 1691357
1.38, 0.02, 13866, 1571304
1.32, 0.02, 13866, 1505782
1.2, 0.02, 13866, 1440526
1.2, 0.02, 13866, 1318743
1.2, 0.02, 13866, 1319306
1.2, 0.02, 13866, 1325666
1.2, 0.02, 13866, 1322735
1.32, 0.02, 13866, 1328923
1.32, 0.02, 13866, 1463501
1.32, 0.02, 13866, 1472151
1.26, 0.02, 13866, 1474766
1.26, 0.02, 13866, 1409299
1.26, 0.02, 13866, 1412615
1.26, 0.02, 13866, 1417996
1.26, 0.02, 13866, 1416507
1.26, 0.02, 13866, 1422786
1.26, 0.02, 13866, 1427316
1.44, 0.02, 13866, 1428522
1.38, 0.02, 13866, 1633464
1.32, 0.02, 13866, 1575130
1.32, 0.02, 13866, 1508598
1.32, 0.02, 13866, 1507293
1.32, 0.02, 13866, 1520084
1.26, 0.02, 13866, 1515087
1.32, 0.02, 13866, 1453336
1.32, 0.02, 13866, 1526548
1.44, 0.02, 13866, 1523926
1.38, 0.02, 13866, 1665655
1.38, 0.02, 13866, 1606731
1.38, 0.02, 13866, 1608481
1.38, 0.02, 13866, 1608288
1.38, 0.02, 13866, 1611694
1.38, 0.02, 13866, 1619069
1.38, 0.02, 13866, 1622219
1.38, 0.02, 13866, 1621008
1.44, 0.02, 14058, 1636352
3.18, 0.02, 14261, 0
3.18, 0.02, 14715, 0
3.42, 0.02, 15183, 0
3.6, 0.02, 15703, 0
3.66, 0.02, 15703, 0
3.84, 0.02, 15703, 5252147
3.96, 0.02, 15703, 5553054
4.08, 0.02, 15703, 5749305
4.2, 0.02, 15703, 5959424
4.5, 0.02, 15703, 6180417
4.74, 0.02, 15703, 6661996
5.16, 0.02, 15703, 7081991
5.64, 0.02, 15703, 7764428
6.06, 0.02, 15703, 8535937
6.84, 0.02, 15703, 9245726
7.62, 0.02, 15703, 10527774
8.52, 0.02, 15703, 11843557
9.66, 0.02, 15703, 13392374
11.28, 0.02, 15703, 15303993
13.32, 0.02, 15703, 18103985
16.14, 0.02, 15703, 21605236
19.68, 0.02, 15703, 26505481
24.36, 0.02, 15703, 32846490
